star	group	ID	ID_alt	star_alt1	star_alt2	origin	snr	R	Rmax	Teff	eTeff	logg	elogg	vmic	evmic	vmac	vsini	e_vsini	[Ca/H]	e[Ca/H]	[Co/H]	e[Co/H]	[Cr/H]	e[Cr/H]	[Fe/H]	e[Fe/H]	[Mg/H]	e[Mg/H]	[Mn/H]	e[Mn/H]	[Ni/H]	e[Ni/H]	[Sc/H]	e[Sc/H]	[Si/H]	e[Si/H]	[Ti/H]	e[Ti/H]	[V/H]	e[V/H]	[Ca 1/H]	e[Ca 1/H]	n[Ca 1/H]	[Co 1/H]	e[Co 1/H]	n[Co 1/H]	[Cr 1/H]	e[Cr 1/H]	n[Cr 1/H]	[Fe 1/H]	e[Fe 1/H]	n[Fe 1/H]	[Fe 2/H]	e[Fe 2/H]	n[Fe 2/H]	[Mg 1/H]	e[Mg 1/H]	n[Mg 1/H]	[Mn 1/H]	e[Mn 1/H]	n[Mn 1/H]	[Ni 1/H]	e[Ni 1/H]	n[Ni 1/H]	[Sc 2/H]	e[Sc 2/H]	n[Sc 2/H]	[Si 1/H]	e[Si 1/H]	n[Si 1/H]	[Ti 1/H]	e[Ti 1/H]	n[Ti 1/H]	[Ti 2/H]	e[Ti 2/H]	n[Ti 2/H]	[V 1/H]	e[V 1/H]	n[V 1/H]	n_spectra	flag
HIP101345	G Subgiant (IV)	HD195564_HAR_1	HIP101345_HARPS_1	HD195564	-	HARPS	902	42000	115000	5514	116	3.95	0.09	1.19	0.02	3.54	2.2	1.2	-0.021	0.034	-0.072	0.04	-0.069	0.018	-0.037	0.03	-0.002	0.027	-0.11	0.048	-0.06	0.015	0.048	0.015	0.033	0.024	-0.044	0.024	-0.121	0.024	-0.021	0.034	34	-0.072	0.04	18	-0.069	0.018	23	-0.047	0.031	193	0.063	0.019	19	-0.002	0.027	2	-0.11	0.048	10	-0.06	0.015	34	0.048	0.015	8	0.033	0.024	12	-0.065	0.023	34	0.062	0.027	7	-0.121	0.024	27	2	-
HIP101345	G Subgiant (IV)	HD195564_NAR_1	HIP101345_NARVAL_1	HD195564	-	NARVAL	369	42000	68000	5514	116	3.95	0.09	1.19	0.02	3.54	0.0	0.8	-0.021	0.034	-0.072	0.04	-0.069	0.018	-0.037	0.03	-0.002	0.027	-0.11	0.048	-0.06	0.015	0.048	0.015	0.033	0.024	-0.044	0.024	-0.121	0.024	-0.021	0.034	34	-0.072	0.04	18	-0.069	0.018	23	-0.047	0.031	193	0.063	0.019	19	-0.002	0.027	2	-0.11	0.048	10	-0.06	0.015	34	0.048	0.015	8	0.033	0.024	12	-0.065	0.023	34	0.062	0.027	7	-0.121	0.024	27	2	-
HIP10234	K Giant (III)	HD13468_FER_1	HIP10234_FEROS_1	HD13468	-	FEROS	121	42000	48000	4676	80	2.37	0.09	1.4	0.04	4.45	1.7	0.6	-0.33	0.043	-0.367	0.063	-0.452	0.059	-0.331	0.047	-0.201	0.056	-0.508	0.101	-0.373	0.037	-0.207	0.04	-0.092	0.05	-0.406	0.056	-0.532	0.061	-0.33	0.043	33	-0.367	0.063	19	-0.452	0.059	23	-0.349	0.049	188	-0.151	0.028	18	-0.201	0.056	2	-0.508	0.101	10	-0.373	0.037	35	-0.207	0.04	8	-0.092	0.05	12	-0.447	0.059	36	-0.221	0.042	8	-0.532	0.061	29	2	-
HIP10234	K Giant (III)	HD13468_HAR_1	HIP10234_HARPS_1	HD13468	-	HARPS	95	42000	115000	4676	80	2.37	0.09	1.4	0.04	4.45	3.8	1.0	-0.33	0.043	-0.367	0.063	-0.452	0.059	-0.331	0.047	-0.201	0.056	-0.508	0.101	-0.373	0.037	-0.207	0.04	-0.092	0.05	-0.406	0.056	-0.532	0.061	-0.33	0.043	33	-0.367	0.063	19	-0.452	0.059	23	-0.349	0.049	188	-0.151	0.028	18	-0.201	0.056	2	-0.508	0.101	10	-0.373	0.037	35	-0.207	0.04	8	-0.092	0.05	12	-0.447	0.059	36	-0.221	0.042	8	-0.532	0.061	29	2	-
HIP102422	K Subgiant (IV)	HD198149_NAR_1	HIP102422_NARVAL_1	HD198149	-	NARVAL	908	42000	68000	4751	73	3.15	0.05	1.0	0.01	3.99	0.5	0.4	-0.35	0.048	-0.302	0.058	-0.395	0.035	-0.318	0.046	-0.228	0.022	-0.435	0.087	-0.294	0.044	-0.2	0.044	-0.103	0.041	-0.386	0.056	-0.447	0.047	-0.35	0.048	32	-0.302	0.058	19	-0.395	0.035	26	-0.336	0.047	187	-0.134	0.033	18	-0.228	0.022	2	-0.435	0.087	10	-0.294	0.044	34	-0.2	0.044	8	-0.103	0.041	11	-0.424	0.062	35	-0.218	0.031	8	-0.447	0.047	30	2	-
HIP103598	K Bright Giant (II)	HD200205_CAF_1	HIP103598_CAFE_1	HD200205	-	CAFE	204	42000	62000	4032	45	1.2	0.06	1.47	0.02	5.28	1.9	4.59	-0.49	0.05	-0.41	0.071	-0.57	0.057	-0.468	0.086	-0.211	0.035	-0.461	0.046	-0.452	0.061	-0.445	0.078	-0.244	0.091	-0.425	0.069	-0.486	0.136	-0.49	0.05	21	-0.41	0.071	16	-0.57	0.057	16	-0.474	0.08	155	-0.411	0.147	14	-0.211	0.035	2	-0.461	0.046	6	-0.452	0.061	26	-0.445	0.078	6	-0.244	0.091	8	-0.403	0.081	16	-0.468	0.044	8	-0.486	0.136	22	2	-
HIP103598	K Bright Giant (II)	HD200205_HER_1	HIP103598_HERMES_1	HD200205	-	HERMES	389	42000	80000	4032	45	1.2	0.06	1.47	0.02	5.28	0.0	0.0	-0.49	0.05	-0.41	0.071	-0.57	0.057	-0.468	0.086	-0.211	0.035	-0.461	0.046	-0.452	0.061	-0.445	0.078	-0.244	0.091	-0.425	0.069	-0.486	0.136	-0.49	0.05	21	-0.41	0.071	16	-0.57	0.057	16	-0.474	0.08	155	-0.411	0.147	14	-0.211	0.035	2	-0.461	0.046	6	-0.452	0.061	26	-0.445	0.078	6	-0.244	0.091	8	-0.403	0.081	16	-0.468	0.044	8	-0.486	0.136	22	2	-
HIP104214	K Dwarf (V)	HD201091_ESP_1	HIP104214_ESPADONS_1	HD201091	61CygA	ESPADONS	968	42000	68000	4398	34	4.63	0.01	0.2	0.39	4.14	1.9	1.2	-0.334	0.076	-0.249	0.094	-0.248	0.141	-0.321	0.144	-0.347	0.014	-0.404	0.038	-0.314	0.085	-0.33	0.139	-0.267	0.161	-0.278	0.127	-0.249	0.078	-0.334	0.076	12	-0.249	0.094	24	-0.248	0.141	27	-0.326	0.139	224	-0.223	0.244	13	-0.347	0.014	3	-0.404	0.038	11	-0.314	0.085	44	-0.33	0.139	12	-0.267	0.161	6	-0.285	0.133	37	-0.25	0.106	9	-0.249	0.078	47	3	-
HIP104214	K Dwarf (V)	HD201091_NAR_1	HIP104214_NARVAL_1	HD201091	61CygA	NARVAL	1320	42000	68000	4398	34	4.63	0.01	0.2	0.39	4.14	5.0	2.0	-0.334	0.076	-0.249	0.094	-0.248	0.141	-0.321	0.144	-0.347	0.014	-0.404	0.038	-0.314	0.085	-0.33	0.139	-0.267	0.161	-0.278	0.127	-0.249	0.078	-0.334	0.076	12	-0.249	0.094	24	-0.248	0.141	27	-0.326	0.139	224	-0.223	0.244	13	-0.347	0.014	3	-0.404	0.038	11	-0.314	0.085	44	-0.33	0.139	12	-0.267	0.161	6	-0.285	0.133	37	-0.25	0.106	9	-0.249	0.078	47	3	-
HIP104217	K Dwarf (V)	HD201092_ESP_1	HIP104217_ESPADONS_1	HD201092	61CygB	ESPADONS	729	42000	68000	4174	47	4.68	0.02	0.2	0.5	4.65	5.0	2.0	-0.452	0.093	-0.31	0.176	-0.435	0.133	-0.591	0.209	-0.55	0.015	-0.564	0.074	-0.5	0.123	-0.47	0.234	0.132	0.043	-0.404	0.106	-0.46	0.078	-0.452	0.093	13	-0.31	0.176	24	-0.435	0.133	27	-0.591	0.209	222			0	-0.55	0.015	3	-0.564	0.074	9	-0.5	0.123	25	-0.47	0.234	11	0.132	0.043	3	-0.424	0.084	28	-0.343	0.174	9	-0.46	0.078	43	3	-
HIP104217	K Dwarf (V)	HD201092_NAR_1	HIP104217_NARVAL_1	HD201092	61CygB	NARVAL	578	42000	68000	4174	47	4.68	0.02	0.2	0.5	4.65	5.01	1.92	-0.452	0.093	-0.31	0.176	-0.435	0.133	-0.591	0.209	-0.55	0.015	-0.564	0.074	-0.5	0.123	-0.47	0.234	0.132	0.043	-0.404	0.106	-0.46	0.078	-0.452	0.093	13	-0.31	0.176	24	-0.435	0.133	27	-0.591	0.209	222			0	-0.55	0.015	3	-0.564	0.074	9	-0.5	0.123	25	-0.47	0.234	11	0.132	0.043	3	-0.424	0.084	28	-0.343	0.174	9	-0.46	0.078	43	3	-
HIP104659	F Dwarf (V)	HD201891_NAR_1	HIP104659_NARVAL_1	HD201891	HD201891	NARVAL	261	42000	68000	6040	44	4.34	0.02	1.25	0.07	6.42	2.93	5.31	-0.791	0.031	-0.858	0.033	-1.052	0.025	-0.966	0.042	-0.644	0.035	-1.183	0.036	-0.989	0.05	-0.838	0.049	-0.82	0.032	-0.693	0.026	-0.76	0.046	-0.791	0.031	51	-0.858	0.033	7	-1.052	0.025	22	-0.964	0.043	233	-0.988	0.041	27	-0.644	0.035	3	-1.183	0.036	10	-0.989	0.05	35	-0.838	0.049	12	-0.82	0.032	17	-0.677	0.024	44	-0.749	0.034	12	-0.76	0.046	18	3	Indirect theta
HIP106039	K Giant (III)	HD204381_HAR_1	HIP106039_HARPS_1	HD204381	-	HARPS	304	42000	115000	5079	31	2.86	0.04	1.45	0.02	4.03	1.0	1.0	-0.087	0.052	-0.145	0.089	-0.12	0.041	-0.122	0.054	-0.082	0.048	-0.148	0.068	-0.18	0.044	-0.133	0.067	-0.059	0.059	-0.125	0.058	-0.13	0.069	-0.087	0.052	17	-0.145	0.089	9	-0.12	0.041	10	-0.121	0.054	89	-0.136	0.049	9	-0.082	0.048	1	-0.148	0.068	5	-0.18	0.044	18	-0.133	0.067	4	-0.059	0.059	6	-0.132	0.055	18	-0.082	0.073	3	-0.13	0.069	15	1	-
HIP108535	F Subgiant (IV)	HD209369_CAF_1	HIP108535_CAFE_1	HD209369	-	CAFE	139	42000	62000	6754	93	3.84	0.05	2.06	0.15	11.84	4.4	1.0	0.068	0.089	0.171	0.093	0.11	0.198	-0.018	0.067	-0.142	0.079	0.021	0.199	-0.04	0.103	-0.077	0.05	-0.044	0.066	-0.041	0.088	0.256	0.084	0.068	0.089	26	0.171	0.093	3	0.11	0.198	12	-0.005	0.068	120	-0.111	0.06	16	-0.142	0.079	2	0.021	0.199	10	-0.04	0.103	15	-0.077	0.05	8	-0.044	0.066	8	-0.026	0.102	16	-0.101	0.035	4	0.256	0.084	4	2	-
HIP108535	F Subgiant (IV)	HD209369_FIE_1	HIP108535_FIES_1	HD209369	-	FIES	172	42000	65000	6754	93	3.84	0.05	2.06	0.15	11.84	4.07	5.98	0.068	0.089	0.171	0.093	0.11	0.198	-0.018	0.067	-0.142	0.079	0.021	0.199	-0.04	0.103	-0.077	0.05	-0.044	0.066	-0.041	0.088	0.256	0.084	0.068	0.089	26	0.171	0.093	3	0.11	0.198	12	-0.005	0.068	120	-0.111	0.06	16	-0.142	0.079	2	0.021	0.199	10	-0.04	0.103	15	-0.077	0.05	8	-0.044	0.066	8	-0.026	0.102	16	-0.101	0.035	4	0.256	0.084	4	2	-
HIP108870	K Dwarf (V)	HD209100_FER_1	HIP108870_FEROS_1	HD209100	-	FEROS	1011	42000	48000	4676	35	4.59	0.01	0.66	0.03	3.67	10.0	0.5	-0.069	0.036	-0.095	0.064	0.0	0.149	-0.082	0.119	-0.148	0.018	-0.105	0.042	-0.122	0.056	-0.138	0.111	-0.099	0.066	-0.042	0.091	0.032	0.102	-0.069	0.036	17	-0.095	0.064	18	0.0	0.149	17	-0.108	0.087	158	0.229	0.503	13	-0.148	0.018	2	-0.105	0.042	10	-0.122	0.056	30	-0.138	0.111	8	-0.099	0.066	10	-0.015	0.1	25	-0.137	0.062	7	0.032	0.102	30	2	-
HIP108870	K Dwarf (V)	HD209100_HAR_1	HIP108870_HARPS_1	HD209100	-	HARPS	994	42000	115000	4676	35	4.59	0.01	0.66	0.03	3.67	5.2	2.0	-0.069	0.036	-0.095	0.064	0.0	0.149	-0.082	0.119	-0.148	0.018	-0.105	0.042	-0.122	0.056	-0.138	0.111	-0.099	0.066	-0.042	0.091	0.032	0.102	-0.069	0.036	17	-0.095	0.064	18	0.0	0.149	17	-0.108	0.087	158	0.229	0.503	13	-0.148	0.018	2	-0.105	0.042	10	-0.122	0.056	30	-0.138	0.111	8	-0.099	0.066	10	-0.015	0.1	25	-0.137	0.062	7	0.032	0.102	30	2	-
HIP109176	F Dwarf (V)	HD210027_HAR_1	HIP109176_HARPS_1	HD210027	-	HARPS	755	42000	115000	6419	141	4.15	0.06	1.44	0.02	8.57	2.8	0.6	-0.126	0.054	-0.283	0.095	-0.267	0.131	-0.188	0.059	-0.147	0.021	-0.316	0.043	-0.252	0.072	-0.247	0.037	-0.132	0.079	-0.187	0.079	-0.18	0.158	-0.126	0.054	33	-0.283	0.095	6	-0.267	0.131	20	-0.204	0.056	174	-0.03	0.091	18	-0.147	0.021	2	-0.316	0.043	6	-0.252	0.072	30	-0.247	0.037	8	-0.132	0.079	10	-0.189	0.088	31	-0.174	0.025	5	-0.18	0.158	23	2	SB2
HIP109176	F Dwarf (V)	HD210027_NAR_1	HIP109176_NARVAL_1	HD210027	-	NARVAL	1683	42000	68000	6419	141	4.15	0.06	1.44	0.02	8.57	1.6	0.3	-0.126	0.054	-0.283	0.095	-0.267	0.131	-0.188	0.059	-0.147	0.021	-0.316	0.043	-0.252	0.072	-0.247	0.037	-0.132	0.079	-0.187	0.079	-0.18	0.158	-0.126	0.054	33	-0.283	0.095	6	-0.267	0.131	20	-0.204	0.056	174	-0.03	0.091	18	-0.147	0.021	2	-0.316	0.043	6	-0.252	0.072	30	-0.247	0.037	8	-0.132	0.079	10	-0.189	0.088	31	-0.174	0.025	5	-0.18	0.158	23	2	SB2
HIP109937	K Bright Giant (II)	HD211388_FIE_1	HIP109937_FIES_1	HD211388	-	FIES	395	42000	65000	4258	41	1.39	0.05	1.44	0.04	4.8	1.9	0.6	0.047	0.096	-0.123	0.112	-0.035	0.093	-0.057	0.105	0.118	0.033			-0.052	0.103	-0.131	0.054	0.052	0.124	-0.012	0.055	0.041	0.176	0.047	0.096	15	-0.123	0.112	15	-0.035	0.093	12	-0.046	0.106	119	-0.145	0.1	16	0.118	0.033	2			0	-0.052	0.103	23	-0.131	0.054	6	0.052	0.124	8	-0.002	0.05	9	-0.028	0.061	6	0.041	0.176	19	2	-
HIP109937	K Bright Giant (II)	HD211388_HER_1	HIP109937_HERMES_1	HD211388	-	HERMES	214	42000	75000	4258	41	1.39	0.05	1.44	0.04	4.8	1.0	0.6	0.047	0.096	-0.123	0.112	-0.035	0.093	-0.057	0.105	0.118	0.033			-0.052	0.103	-0.131	0.054	0.052	0.124	-0.012	0.055	0.041	0.176	0.047	0.096	15	-0.123	0.112	15	-0.035	0.093	12	-0.046	0.106	119	-0.145	0.1	16	0.118	0.033	2			0	-0.052	0.103	23	-0.131	0.054	6	0.052	0.124	8	-0.002	0.05	9	-0.028	0.061	6	0.041	0.176	19	2	-
HIP11095	K Giant (III)	HD15248_HAR_1	HIP11095_HARPS_1	HD15248	-	HARPS	101	42000	115000	4721	52	2.59	0.06	1.41	0.04	3.98	3.0	2.0	0.043	0.064	0.06	0.116	0.06	0.067	-0.006	0.084	0.124	0.078	0.085	0.122	0.001	0.067	0.011	0.143	0.126	0.116	0.059	0.091	0.086	0.146	0.043	0.064	13	0.06	0.116	9	0.06	0.067	8	0.002	0.077	78	-0.084	0.151	9	0.124	0.078	1	0.085	0.122	4	0.001	0.067	16	0.011	0.143	4	0.126	0.116	6	0.053	0.083	15	0.086	0.132	3	0.086	0.146	15	1	-
HIP111944	K Giant (III)	HD214868_FIE_1	HIP111944_FIES_1	HD214868	-	FIES	500	42000	65000	4203	34	1.56	0.06	1.4	0.02	4.87	5.0	1.0	-0.344	0.054	-0.322	0.065	-0.339	0.045	-0.298	0.072	-0.136	0.029	-0.348	0.078	-0.331	0.063	-0.287	0.122	-0.123	0.066	-0.303	0.068	-0.474	0.124	-0.344	0.054	24	-0.322	0.065	16	-0.339	0.045	18	-0.304	0.073	154	-0.236	0.072	16	-0.136	0.029	2	-0.348	0.078	7	-0.331	0.063	30	-0.287	0.122	8	-0.123	0.066	8	-0.301	0.083	22	-0.31	0.027	8	-0.474	0.124	23	2	-
HIP111944	K Giant (III)	HD214868_HER_1	HIP111944_HERMES_1	HD214868	-	HERMES	348	42000	75000	4203	34	1.56	0.06	1.4	0.02	4.87	5.4	1.0	-0.344	0.054	-0.322	0.065	-0.339	0.045	-0.298	0.072	-0.136	0.029	-0.348	0.078	-0.331	0.063	-0.287	0.122	-0.123	0.066	-0.303	0.068	-0.474	0.124	-0.344	0.054	24	-0.322	0.065	16	-0.339	0.045	18	-0.304	0.073	154	-0.236	0.072	16	-0.136	0.029	2	-0.348	0.078	7	-0.331	0.063	30	-0.287	0.122	8	-0.123	0.066	8	-0.301	0.083	22	-0.31	0.027	8	-0.474	0.124	23	2	-
HIP112440	K Giant (III)	HD215665_NAR_1	HIP112440_NARVAL_1	HD215665	-	NARVAL	1480	42000	68000	4848	109	2.12	0.08	1.66	0.04	4.43	2.0	1.0	-0.006	0.037	-0.105	0.063	-0.049	0.046	-0.09	0.048	0.042	0.022	-0.097	0.012	-0.128	0.045	-0.065	0.06	-0.028	0.04	-0.069	0.057	-0.094	0.043	-0.006	0.037	33	-0.105	0.063	21	-0.049	0.046	20	-0.08	0.049	197	-0.163	0.046	26	0.042	0.022	3	-0.097	0.012	6	-0.128	0.045	37	-0.065	0.06	12	-0.028	0.04	11	-0.077	0.058	33	-0.04	0.054	10	-0.094	0.043	38	3	-
HIP112440	K Giant (III)	HD215665_UVE_1	HIP112440_UVES_1	HD215665	-	UVES	353	42000	45254	4848	109	2.12	0.08	1.66	0.04	4.43	3.3	0.3	-0.006	0.037	-0.105	0.063	-0.049	0.046	-0.09	0.048	0.042	0.022	-0.097	0.012	-0.128	0.045	-0.065	0.06	-0.028	0.04	-0.069	0.057	-0.094	0.043	-0.006	0.037	33	-0.105	0.063	21	-0.049	0.046	20	-0.08	0.049	197	-0.163	0.046	26	0.042	0.022	3	-0.097	0.012	6	-0.128	0.045	37	-0.065	0.06	12	-0.028	0.04	11	-0.077	0.058	33	-0.04	0.054	10	-0.094	0.043	38	3	-
HIP112447	F Subgiant (IV)	HD215648_ESP_1	HIP112447_ESPADONS_1	HD215648	-	ESPADONS	500	42000	68000	6223	23	3.95	0.04	1.65	0.02	7.14	2.0	0.6	-0.198	0.034	-0.296	0.052	-0.299	0.027	-0.253	0.028	-0.188	0.018	-0.334	0.019	-0.282	0.033	-0.211	0.019	-0.243	0.055	-0.202	0.023	-0.209	0.046	-0.198	0.034	52	-0.296	0.052	17	-0.299	0.027	32	-0.255	0.029	273	-0.235	0.024	27	-0.188	0.018	3	-0.334	0.019	9	-0.282	0.033	48	-0.211	0.019	12	-0.243	0.055	18	-0.201	0.024	51	-0.208	0.021	12	-0.209	0.046	38	3	-
HIP112447	F Subgiant (IV)	HD215648_NAR_1	HIP112447_NARVAL_1	HD215648	-	NARVAL	2006	42000	68000	6223	23	3.95	0.04	1.65	0.02	7.14	0.7	0.6	-0.198	0.034	-0.296	0.052	-0.299	0.027	-0.253	0.028	-0.188	0.018	-0.334	0.019	-0.282	0.033	-0.211	0.019	-0.243	0.055	-0.202	0.023	-0.209	0.046	-0.198	0.034	52	-0.296	0.052	17	-0.299	0.027	32	-0.255	0.029	273	-0.235	0.024	27	-0.188	0.018	3	-0.334	0.019	9	-0.282	0.033	48	-0.211	0.019	12	-0.243	0.055	18	-0.201	0.024	51	-0.208	0.021	12	-0.209	0.046	38	3	-
HIP112731	K Giant (III)	HD216174_ELO_1	HIP112731_ELODIE_1	HD216174	-	ELODIE	204	42000	45000	4297	36	1.75	0.03	1.44	0.03	4.99	2.4	0.2	-0.475	0.046	-0.414	0.067	-0.676	0.034	-0.559	0.057	-0.021	0.041	-0.801	0.035	-0.541	0.052	-0.33	0.088	-0.15	0.035	-0.368	0.092	-0.601	0.099	-0.475	0.046	32	-0.414	0.067	18	-0.676	0.034	22	-0.572	0.057	185	-0.416	0.062	16	-0.021	0.041	2	-0.801	0.035	8	-0.541	0.052	28	-0.33	0.088	8	-0.15	0.035	10	-0.388	0.108	28	-0.297	0.037	8	-0.601	0.099	27	2	-
HIP112731	K Giant (III)	HD216174_HER_1	HIP112731_HERMES_1	HD216174	-	HERMES	218	42000	75000	4297	36	1.75	0.03	1.44	0.03	4.99	4.2	1.0	-0.475	0.046	-0.414	0.067	-0.676	0.034	-0.559	0.057	-0.021	0.041	-0.801	0.035	-0.541	0.052	-0.33	0.088	-0.15	0.035	-0.368	0.092	-0.601	0.099	-0.475	0.046	32	-0.414	0.067	18	-0.676	0.034	22	-0.572	0.057	185	-0.416	0.062	16	-0.021	0.041	2	-0.801	0.035	8	-0.541	0.052	28	-0.33	0.088	8	-0.15	0.035	10	-0.388	0.108	28	-0.297	0.037	8	-0.601	0.099	27	2	-
HIP112748	K Giant (III)	HD216131_NAR_1	HIP112748_NARVAL_1	HD216131	-	NARVAL	1833	42000	68000	4961	40	2.85	0.03	1.41	0.02	4.01	2.0	1.0	-0.097	0.047	-0.145	0.064	-0.138	0.043	-0.127	0.042	-0.084	0.021	-0.184	0.065	-0.177	0.039	-0.083	0.057	-0.022	0.034	-0.153	0.055	-0.167	0.052	-0.097	0.047	32	-0.145	0.064	19	-0.138	0.043	25	-0.133	0.041	185	-0.073	0.046	20	-0.084	0.021	2	-0.184	0.065	10	-0.177	0.039	36	-0.083	0.057	8	-0.022	0.034	11	-0.171	0.055	35	-0.071	0.056	8	-0.167	0.052	29	2	-
HIP113357	G Dwarf (V)	HD217014_FER_1	HIP113357_FEROS_1	HD217014	-	FEROS	101	42000	48000	5746	72	4.33	0.02	1.16	0.02	3.91	12.7	1.4	0.143	0.023	0.203	0.031	0.165	0.015	0.164	0.019	0.151	0.014	0.177	0.022	0.201	0.013	0.212	0.018	0.203	0.013	0.153	0.018	0.159	0.019	0.143	0.023	82	0.203	0.031	45	0.165	0.015	60	0.161	0.019	471	0.2	0.019	48	0.151	0.014	5	0.177	0.022	24	0.201	0.013	89	0.212	0.018	20	0.203	0.013	28	0.146	0.019	90	0.19	0.018	19	0.159	0.019	74	5	-
HIP113357	G Dwarf (V)	HD217014_HAR_1	HIP113357_HARPS_1	HD217014	-	HARPS	1012	42000	115000	5746	72	4.33	0.02	1.16	0.02	3.91	6.0	1.0	0.143	0.023	0.203	0.031	0.165	0.015	0.164	0.019	0.151	0.014	0.177	0.022	0.201	0.013	0.212	0.018	0.203	0.013	0.153	0.018	0.159	0.019	0.143	0.023	82	0.203	0.031	45	0.165	0.015	60	0.161	0.019	471	0.2	0.019	48	0.151	0.014	5	0.177	0.022	24	0.201	0.013	89	0.212	0.018	20	0.203	0.013	28	0.146	0.019	90	0.19	0.018	19	0.159	0.019	74	5	-
HIP113357	G Dwarf (V)	HD217014_NAR_1	HIP113357_NARVAL_1	HD217014	-	NARVAL	1040	42000	68000	5746	72	4.33	0.02	1.16	0.02	3.91	2.4	0.6	0.143	0.023	0.203	0.031	0.165	0.015	0.164	0.019	0.151	0.014	0.177	0.022	0.201	0.013	0.212	0.018	0.203	0.013	0.153	0.018	0.159	0.019	0.143	0.023	82	0.203	0.031	45	0.165	0.015	60	0.161	0.019	471	0.2	0.019	48	0.151	0.014	5	0.177	0.022	24	0.201	0.013	89	0.212	0.018	20	0.203	0.013	28	0.146	0.019	90	0.19	0.018	19	0.159	0.019	74	5	-
HIP113357	G Dwarf (V)	HD217014_UVE_1	HIP113357_UVES_1	HD217014	-	UVES	1158	42000	107200	5746	72	4.33	0.02	1.16	0.02	3.91	2.2	0.8	0.143	0.023	0.203	0.031	0.165	0.015	0.164	0.019	0.151	0.014	0.177	0.022	0.201	0.013	0.212	0.018	0.203	0.013	0.153	0.018	0.159	0.019	0.143	0.023	82	0.203	0.031	45	0.165	0.015	60	0.161	0.019	471	0.2	0.019	48	0.151	0.014	5	0.177	0.022	24	0.201	0.013	89	0.212	0.018	20	0.203	0.013	28	0.146	0.019	90	0.19	0.018	19	0.159	0.019	74	5	-
HIP114622	K Dwarf (V)	HD219134_ESP_1	HIP114622_ESPADONS_1	HD219134	-	ESPADONS	421	42000	68000	4800	34	4.55	0.01	0.72	0.03	3.51	0.0	0.0	0.053	0.027	0.07	0.049	0.065	0.044	0.043	0.076	0.031	0.017	0.049	0.016	0.034	0.033	0.043	0.091	0.098	0.044	0.078	0.066	0.158	0.081	0.053	0.027	30	0.07	0.049	27	0.065	0.044	30	0.027	0.056	244	0.207	0.279	24	0.031	0.017	3	0.049	0.016	15	0.034	0.033	45	0.043	0.091	12	0.098	0.044	17	0.1	0.071	40	0.004	0.047	12	0.158	0.081	46	3	-
HIP114622	K Dwarf (V)	HD219134_NAR_1	HIP114622_NARVAL_1	HD219134	-	NARVAL	1474	42000	68000	4800	34	4.55	0.01	0.72	0.03	3.51	5.1	1.0	0.053	0.027	0.07	0.049	0.065	0.044	0.043	0.076	0.031	0.017	0.049	0.016	0.034	0.033	0.043	0.091	0.098	0.044	0.078	0.066	0.158	0.081	0.053	0.027	30	0.07	0.049	27	0.065	0.044	30	0.027	0.056	244	0.207	0.279	24	0.031	0.017	3	0.049	0.016	15	0.034	0.033	45	0.043	0.091	12	0.098	0.044	17	0.1	0.071	40	0.004	0.047	12	0.158	0.081	46	3	-
HIP114855	K Giant (III)	HD219449_HAR_1	HIP114855_HARPS_1	HD219449	-	HARPS	749	42000	115000	4631	69	2.32	0.11	1.4	0.02	4.26	3.0	1.0	-0.091	0.035	-0.099	0.061	-0.1	0.034	-0.123	0.048	0.081	0.023	-0.113	0.07	-0.136	0.039	-0.155	0.086	-0.002	0.039	-0.083	0.048	-0.108	0.077	-0.091	0.035	45	-0.099	0.061	27	-0.1	0.034	29	-0.117	0.048	237	-0.174	0.05	27	0.081	0.023	3	-0.113	0.07	11	-0.136	0.039	46	-0.155	0.086	12	-0.002	0.039	15	-0.079	0.044	42	-0.1	0.064	11	-0.108	0.077	47	3	-
HIP114855	K Giant (III)	HD219449_UVE_1	HIP114855_UVES_1	HD219449	-	UVES	524	42000	74450	4631	69	2.32	0.11	1.4	0.02	4.26	0.4	0.4	-0.091	0.035	-0.099	0.061	-0.1	0.034	-0.123	0.048	0.081	0.023	-0.113	0.07	-0.136	0.039	-0.155	0.086	-0.002	0.039	-0.083	0.048	-0.108	0.077	-0.091	0.035	45	-0.099	0.061	27	-0.1	0.034	29	-0.117	0.048	237	-0.174	0.05	27	0.081	0.023	3	-0.113	0.07	11	-0.136	0.039	46	-0.155	0.086	12	-0.002	0.039	15	-0.079	0.044	42	-0.1	0.064	11	-0.108	0.077	47	3	-
HIP114971	K Giant (III)	HD219615_ELO_1	HIP114971_ELODIE_1	HD219615	-	ELODIE	143	42000	45000	4970	43	2.44	0.12	1.32	0.02	4.6	1.6	0.0	-0.24	0.054	-0.325	0.074	-0.453	0.062	-0.459	0.043	-0.073	0.025	-0.629	0.02	-0.473	0.049	-0.27	0.041	-0.308	0.024	-0.179	0.053	-0.312	0.043	-0.24	0.054	36	-0.325	0.074	19	-0.453	0.062	25	-0.449	0.043	190	-0.555	0.034	20	-0.073	0.025	2	-0.629	0.02	9	-0.473	0.049	34	-0.27	0.041	8	-0.308	0.024	11	-0.168	0.057	38	-0.233	0.034	8	-0.312	0.043	30	2	-
HIP114971	K Giant (III)	HD219615_NAR_1	HIP114971_NARVAL_1	HD219615	-	NARVAL	1403	42000	68000	4970	43	2.44	0.12	1.32	0.02	4.6	1.6	0.0	-0.24	0.054	-0.325	0.074	-0.453	0.062	-0.459	0.043	-0.073	0.025	-0.629	0.02	-0.473	0.049	-0.27	0.041	-0.308	0.024	-0.179	0.053	-0.312	0.043	-0.24	0.054	36	-0.325	0.074	19	-0.453	0.062	25	-0.449	0.043	190	-0.555	0.034	20	-0.073	0.025	2	-0.629	0.02	9	-0.473	0.049	34	-0.27	0.041	8	-0.308	0.024	11	-0.168	0.057	38	-0.233	0.034	8	-0.312	0.043	30	2	-
HIP115227	K Giant (III)	HD220009_HAR_1	HIP115227_HARPS_1	HD220009	HD220009	HARPS	485	42000	115000	4227	77	1.66	0.04	1.31	0.02	5.17	1.6	0.0	-0.6	0.046	-0.581	0.06	-0.781	0.048	-0.715	0.045	-0.221	0.026	-0.976	0.032	-0.713	0.051	-0.449	0.078	-0.367	0.026	-0.488	0.07	-0.748	0.087	-0.6	0.046	48	-0.581	0.06	27	-0.781	0.048	33	-0.727	0.042	270	-0.567	0.081	23	-0.221	0.026	3	-0.976	0.032	12	-0.713	0.051	47	-0.449	0.078	12	-0.367	0.026	14	-0.494	0.082	42	-0.466	0.028	12	-0.748	0.087	39	3	-
HIP115227	K Giant (III)	HD220009_NAR_1	HIP115227_NARVAL_1	HD220009	HD220009	NARVAL	540	42000	68000	4227	77	1.66	0.04	1.31	0.02	5.17	1.6	0.0	-0.6	0.046	-0.581	0.06	-0.781	0.048	-0.715	0.045	-0.221	0.026	-0.976	0.032	-0.713	0.051	-0.449	0.078	-0.367	0.026	-0.488	0.07	-0.748	0.087	-0.6	0.046	48	-0.581	0.06	27	-0.781	0.048	33	-0.727	0.042	270	-0.567	0.081	23	-0.221	0.026	3	-0.976	0.032	12	-0.713	0.051	47	-0.449	0.078	12	-0.367	0.026	14	-0.494	0.082	42	-0.466	0.028	12	-0.748	0.087	39	3	-
HIP115227	K Giant (III)	HD220009_UVE_1	HIP115227_UVES_1	HD220009	HD220009	UVES	241	42000	49505	4227	77	1.66	0.04	1.31	0.02	5.17	1.6	0.0	-0.6	0.046	-0.581	0.06	-0.781	0.048	-0.715	0.045	-0.221	0.026	-0.976	0.032	-0.713	0.051	-0.449	0.078	-0.367	0.026	-0.488	0.07	-0.748	0.087	-0.6	0.046	48	-0.581	0.06	27	-0.781	0.048	33	-0.727	0.042	270	-0.567	0.081	23	-0.221	0.026	3	-0.976	0.032	12	-0.713	0.051	47	-0.449	0.078	12	-0.367	0.026	14	-0.494	0.082	42	-0.466	0.028	12	-0.748	0.087	39	3	-
HIP115620	K Giant (III)	HD220572_HAR_1	HIP115620_HARPS_1	HD220572	-	HARPS	153	42000	115000	4756	41	2.61	0.06	1.39	0.04	3.97	1.6	0.0	0.034	0.06	0.031	0.109	0.016	0.061	-0.005	0.08	0.105	0.064	0.041	0.106	-0.01	0.054	0.014	0.126	0.121	0.108	0.02	0.087	0.03	0.129	0.034	0.06	15	0.031	0.109	9	0.016	0.061	8	0.001	0.075	79	-0.051	0.118	9	0.105	0.064	1	0.041	0.106	4	-0.01	0.054	16	0.014	0.126	4	0.121	0.108	6	0.011	0.081	17	0.072	0.123	3	0.03	0.129	16	1	-
HIP115949	K Bright Giant (II)	HD221170_NAR_1	HIP115949_NARVAL_1	HD221170	-	NARVAL	265	42000	68000	4380	19	1.22	0.02	1.42	0.04	6.38	1.6	0.0	-1.977	0.07	-2.36	0.069	-2.59	0.097	-2.228	0.059	-1.825	0.048	-2.808	0.194	-2.318	0.033	-1.951	0.016	-1.843	0.039	-2.122	0.061	-2.506	0.082	-1.977	0.07	31	-2.36	0.069	10	-2.59	0.097	12	-2.273	0.058	136	-1.886	0.069	18	-1.825	0.048	2	-2.808	0.194	6	-2.318	0.033	18	-1.951	0.016	8	-1.843	0.039	7	-2.228	0.069	31	-1.713	0.034	8	-2.506	0.082	17	2	-
HIP116771	F Dwarf (V)	HD222368_ESP_1	HIP116771_ESPADONS_1	HD222368	-	ESPADONS	500	42000	68000	6169	56	4.09	0.02	1.49	0.02	6.58	1.6	0.0	-0.078	0.024	-0.196	0.039	-0.191	0.017	-0.136	0.02	-0.105	0.015	-0.205	0.017	-0.186	0.021	-0.083	0.013	-0.106	0.022	-0.119	0.017	-0.165	0.035	-0.078	0.024	86	-0.196	0.039	38	-0.191	0.017	53	-0.142	0.021	462	-0.079	0.015	48	-0.105	0.015	5	-0.205	0.017	15	-0.186	0.021	76	-0.083	0.013	20	-0.106	0.022	25	-0.128	0.018	76	-0.082	0.01	19	-0.165	0.035	61	5	-
HIP116771	F Dwarf (V)	HD222368_FER_1	HIP116771_FEROS_1	HD222368	-	FEROS	305	42000	48000	6169	56	4.09	0.02	1.49	0.02	6.58	1.6	0.0	-0.078	0.024	-0.196	0.039	-0.191	0.017	-0.136	0.02	-0.105	0.015	-0.205	0.017	-0.186	0.021	-0.083	0.013	-0.106	0.022	-0.119	0.017	-0.165	0.035	-0.078	0.024	86	-0.196	0.039	38	-0.191	0.017	53	-0.142	0.021	462	-0.079	0.015	48	-0.105	0.015	5	-0.205	0.017	15	-0.186	0.021	76	-0.083	0.013	20	-0.106	0.022	25	-0.128	0.018	76	-0.082	0.01	19	-0.165	0.035	61	5	-
HIP116771	F Dwarf (V)	HD222368_HAR_1	HIP116771_HARPS_1	HD222368	-	HARPS	545	42000	115000	6169	56	4.09	0.02	1.49	0.02	6.58	1.6	0.0	-0.078	0.024	-0.196	0.039	-0.191	0.017	-0.136	0.02	-0.105	0.015	-0.205	0.017	-0.186	0.021	-0.083	0.013	-0.106	0.022	-0.119	0.017	-0.165	0.035	-0.078	0.024	86	-0.196	0.039	38	-0.191	0.017	53	-0.142	0.021	462	-0.079	0.015	48	-0.105	0.015	5	-0.205	0.017	15	-0.186	0.021	76	-0.083	0.013	20	-0.106	0.022	25	-0.128	0.018	76	-0.082	0.01	19	-0.165	0.035	61	5	-
HIP116771	F Dwarf (V)	HD222368_NAR_1	HIP116771_NARVAL_1	HD222368	-	NARVAL	1935	42000	68000	6169	56	4.09	0.02	1.49	0.02	6.58	1.6	0.0	-0.078	0.024	-0.196	0.039	-0.191	0.017	-0.136	0.02	-0.105	0.015	-0.205	0.017	-0.186	0.021	-0.083	0.013	-0.106	0.022	-0.119	0.017	-0.165	0.035	-0.078	0.024	86	-0.196	0.039	38	-0.191	0.017	53	-0.142	0.021	462	-0.079	0.015	48	-0.105	0.015	5	-0.205	0.017	15	-0.186	0.021	76	-0.083	0.013	20	-0.106	0.022	25	-0.128	0.018	76	-0.082	0.01	19	-0.165	0.035	61	5	-
HIP12114	K Dwarf (V)	HD16160_ESP_1	HIP12114_ESPADONS_1	HD16160	-	ESPADONS	479	42000	68000	4583	76	4.52	0.01	0.22	0.36	3.8	1.6	0.0	-0.313	0.033	-0.076	0.036	-0.268	0.075	-0.173	0.08	-0.052	0.015	-0.317	0.021	-0.123	0.033	-0.049	0.053	0.074	0.03	-0.141	0.092	-0.197	0.058	-0.313	0.033	56	-0.076	0.036	55	-0.268	0.075	64	-0.206	0.054	492	0.174	0.35	47	-0.052	0.015	6	-0.317	0.021	30	-0.123	0.033	88	-0.049	0.053	24	0.074	0.03	31	-0.169	0.105	86	-0.033	0.043	22	-0.197	0.058	85	6	-
HIP12114	K Dwarf (V)	HD16160_FER_1	HIP12114_FEROS_1	HD16160	-	FEROS	209	42000	48000	4583	76	4.52	0.01	0.22	0.36	3.8	1.6	0.0	-0.313	0.033	-0.076	0.036	-0.268	0.075	-0.173	0.08	-0.052	0.015	-0.317	0.021	-0.123	0.033	-0.049	0.053	0.074	0.03	-0.141	0.092	-0.197	0.058	-0.313	0.033	56	-0.076	0.036	55	-0.268	0.075	64	-0.206	0.054	492	0.174	0.35	47	-0.052	0.015	6	-0.317	0.021	30	-0.123	0.033	88	-0.049	0.053	24	0.074	0.03	31	-0.169	0.105	86	-0.033	0.043	22	-0.197	0.058	85	6	-
HIP12114	K Dwarf (V)	HD16160_HAR_1	HIP12114_HARPS_1	HD16160	-	HARPS	1007	42000	115000	4583	76	4.52	0.01	0.22	0.36	3.8	1.6	0.0	-0.313	0.033	-0.076	0.036	-0.268	0.075	-0.173	0.08	-0.052	0.015	-0.317	0.021	-0.123	0.033	-0.049	0.053	0.074	0.03	-0.141	0.092	-0.197	0.058	-0.313	0.033	56	-0.076	0.036	55	-0.268	0.075	64	-0.206	0.054	492	0.174	0.35	47	-0.052	0.015	6	-0.317	0.021	30	-0.123	0.033	88	-0.049	0.053	24	0.074	0.03	31	-0.169	0.105	86	-0.033	0.043	22	-0.197	0.058	85	6	-
HIP12114	K Dwarf (V)	HD16160_NAR_1	HIP12114_NARVAL_1	HD16160	-	NARVAL	721	42000	68000	4583	76	4.52	0.01	0.22	0.36	3.8	1.6	0.0	-0.313	0.033	-0.076	0.036	-0.268	0.075	-0.173	0.08	-0.052	0.015	-0.317	0.021	-0.123	0.033	-0.049	0.053	0.074	0.03	-0.141	0.092	-0.197	0.058	-0.313	0.033	56	-0.076	0.036	55	-0.268	0.075	64	-0.206	0.054	492	0.174	0.35	47	-0.052	0.015	6	-0.317	0.021	30	-0.123	0.033	88	-0.049	0.053	24	0.074	0.03	31	-0.169	0.105	86	-0.033	0.043	22	-0.197	0.058	85	6	-
HIP12114	K Dwarf (V)	HD16160_UVE_1	HIP12114_UVES_1	HD16160	-	UVES	373	42000	45990	4583	76	4.52	0.01	0.22	0.36	3.8	1.6	0.0	-0.313	0.033	-0.076	0.036	-0.268	0.075	-0.173	0.08	-0.052	0.015	-0.317	0.021	-0.123	0.033	-0.049	0.053	0.074	0.03	-0.141	0.092	-0.197	0.058	-0.313	0.033	56	-0.076	0.036	55	-0.268	0.075	64	-0.206	0.054	492	0.174	0.35	47	-0.052	0.015	6	-0.317	0.021	30	-0.123	0.033	88	-0.049	0.053	24	0.074	0.03	31	-0.169	0.105	86	-0.033	0.043	22	-0.197	0.058	85	6	-
HIP12486	K Giant (III)	HD16815_HAR_1	HIP12486_HARPS_1	HD16815	-	HARPS	358	42000	115000	4720	23	2.37	0.06	1.3	0.02	4.54	1.6	0.0	-0.35	0.057	-0.359	0.101	-0.414	0.034	-0.42	0.058	-0.224	0.046	-0.471	0.078	-0.432	0.056	-0.321	0.064	-0.295	0.07	-0.336	0.055	-0.37	0.105	-0.35	0.057	17	-0.359	0.101	9	-0.414	0.034	10	-0.416	0.057	90	-0.461	0.074	9	-0.224	0.046	1	-0.471	0.078	5	-0.432	0.056	17	-0.321	0.064	4	-0.295	0.07	6	-0.338	0.056	17	-0.325	0.048	3	-0.37	0.105	15	1	-
HIP12530	F Dwarf (V)	HD16765_HER_1	HIP12530_HERMES_1	HD16765	-	HERMES	94	42000	75000	6310	51	4.36	0.02	1.47	0.16	7.54	1.6	0.0	0.001	0.074	-0.143	0.079	-0.215	0.08	-0.108	0.078	-0.113	0.16	-0.1	0.075	-0.038	0.118	-0.187	0.063	-0.077	0.046	-0.197	0.072	0.113	0.247	0.001	0.074	19	-0.143	0.079	5	-0.215	0.08	9	-0.103	0.081	111	-0.178	0.038	8	-0.113	0.16	1	-0.1	0.075	8	-0.038	0.118	12	-0.187	0.063	8	-0.077	0.046	7	-0.218	0.096	11	-0.141	0.005	4	0.113	0.247	4	2	-
HIP12777	F Dwarf (V)	HD16895_NAR_1	HIP12777_NARVAL_1	HD16895	-	NARVAL	255	42000	68000	6206	23	4.26	0.01	1.44	0.03	6.71	1.6	0.0	-0.031	0.027	-0.179	0.067	-0.097	0.042	-0.054	0.032	-0.092	0.028	-0.139	0.044	-0.108	0.025	-0.049	0.036	-0.057	0.068	-0.093	0.03	-0.103	0.063	-0.031	0.027	33	-0.179	0.067	10	-0.097	0.042	22	-0.06	0.033	182	0.024	0.029	16	-0.092	0.028	2	-0.139	0.044	6	-0.108	0.025	32	-0.049	0.036	6	-0.057	0.068	12	-0.1	0.033	33	-0.056	0.014	6	-0.103	0.063	21	2	-
HIP13288	K Giant (III)	HD17824_HAR_1	HIP13288_HARPS_1	HD17824	-	HARPS	454	42000	115000	4980	64	2.89	0.03	1.34	0.02	4.0	1.6	0.0	-0.094	0.034	-0.189	0.061	-0.137	0.04	-0.136	0.044	-0.11	0.029	-0.227	0.092	-0.205	0.031	-0.115	0.039	-0.039	0.057	-0.167	0.048	-0.197	0.056	-0.094	0.034	33	-0.189	0.061	18	-0.137	0.04	23	-0.142	0.043	184	-0.086	0.05	19	-0.11	0.029	2	-0.227	0.092	10	-0.205	0.031	36	-0.115	0.039	8	-0.039	0.057	12	-0.185	0.047	35	-0.073	0.055	7	-0.197	0.056	28	2	-
HIP13288	K Giant (III)	HD17824_HER_1	HIP13288_HERMES_1	HD17824	-	HERMES	428	42000	75000	4980	64	2.89	0.03	1.34	0.02	4.0	1.6	0.0	-0.094	0.034	-0.189	0.061	-0.137	0.04	-0.136	0.044	-0.11	0.029	-0.227	0.092	-0.205	0.031	-0.115	0.039	-0.039	0.057	-0.167	0.048	-0.197	0.056	-0.094	0.034	33	-0.189	0.061	18	-0.137	0.04	23	-0.142	0.043	184	-0.086	0.05	19	-0.11	0.029	2	-0.227	0.092	10	-0.205	0.031	36	-0.115	0.039	8	-0.039	0.057	12	-0.185	0.047	35	-0.073	0.055	7	-0.197	0.056	28	2	-
HIP13328	K Bright Giant (II)	HD17709_HER_1	HIP13328_HERMES_1	HD17709	-	HERMES	173	42000	75000	3799	72	0.93	0.06	1.06	0.03	5.38	1.6	0.0	-0.34	0.102	-0.494	0.156	-0.42	0.179	-0.413	0.225	-0.299	0.069	-0.474	0.199	-0.383	0.133	-0.484	0.182	-0.147	0.448	-0.238	0.171	-0.173	0.409	-0.34	0.102	10	-0.494	0.156	9	-0.42	0.179	7	-0.416	0.209	74	-0.379	0.395	7	-0.299	0.069	1	-0.474	0.199	3	-0.383	0.133	13	-0.484	0.182	3	-0.147	0.448	3	-0.132	0.197	7	-0.422	0.126	4	-0.173	0.409	9	1	-
HIP14060	K Giant (III)	HD18784_HAR_1	HIP14060_HARPS_1	HD18784	-	HARPS	100	42000	115000	4652	80	2.3	0.12	1.46	0.04	4.41	1.6	0.0	-0.275	0.045	-0.182	0.073	-0.292	0.04	-0.254	0.049	-0.058	0.056	-0.321	0.08	-0.24	0.039	-0.198	0.064	-0.059	0.054	-0.244	0.047	-0.303	0.083	-0.275	0.045	32	-0.182	0.073	19	-0.292	0.04	23	-0.259	0.046	178	-0.206	0.071	19	-0.058	0.056	2	-0.321	0.08	10	-0.24	0.039	35	-0.198	0.064	8	-0.059	0.054	11	-0.264	0.047	31	-0.156	0.047	7	-0.303	0.083	29	2	-
HIP14060	K Giant (III)	HD18784_HER_1	HIP14060_HERMES_1	HD18784	-	HERMES	110	42000	75000	4652	80	2.3	0.12	1.46	0.04	4.41	1.6	0.0	-0.275	0.045	-0.182	0.073	-0.292	0.04	-0.254	0.049	-0.058	0.056	-0.321	0.08	-0.24	0.039	-0.198	0.064	-0.059	0.054	-0.244	0.047	-0.303	0.083	-0.275	0.045	32	-0.182	0.073	19	-0.292	0.04	23	-0.259	0.046	178	-0.206	0.071	19	-0.058	0.056	2	-0.321	0.08	10	-0.24	0.039	35	-0.198	0.064	8	-0.059	0.054	11	-0.264	0.047	31	-0.156	0.047	7	-0.303	0.083	29	2	-
HIP14086	K Subgiant (IV)	HD18907_ESP_1	HIP14086_ESPADONS_1	HD18907	epsFor	ESPADONS	1018	42000	68000	5143	56	3.53	0.03	0.92	0.03	3.99	1.6	0.0	-0.284	0.028	-0.398	0.043	-0.482	0.04	-0.565	0.025	-0.158	0.02	-0.729	0.019	-0.548	0.03	-0.374	0.012	-0.388	0.022	-0.196	0.028	-0.32	0.031	-0.284	0.028	68	-0.398	0.043	36	-0.482	0.04	49	-0.559	0.024	372	-0.627	0.042	39	-0.158	0.02	4	-0.729	0.019	20	-0.548	0.03	65	-0.374	0.012	16	-0.388	0.022	22	-0.175	0.031	70	-0.298	0.015	15	-0.32	0.031	56	4	Indirect theta
HIP14086	K Subgiant (IV)	HD18907_FER_1	HIP14086_FEROS_1	HD18907	epsFor	FEROS	383	42000	48000	5143	56	3.53	0.03	0.92	0.03	3.99	1.6	0.0	-0.284	0.028	-0.398	0.043	-0.482	0.04	-0.565	0.025	-0.158	0.02	-0.729	0.019	-0.548	0.03	-0.374	0.012	-0.388	0.022	-0.196	0.028	-0.32	0.031	-0.284	0.028	68	-0.398	0.043	36	-0.482	0.04	49	-0.559	0.024	372	-0.627	0.042	39	-0.158	0.02	4	-0.729	0.019	20	-0.548	0.03	65	-0.374	0.012	16	-0.388	0.022	22	-0.175	0.031	70	-0.298	0.015	15	-0.32	0.031	56	4	Indirect theta
HIP14086	K Subgiant (IV)	HD18907_HAR_1	HIP14086_HARPS_1	HD18907	epsFor	HARPS	392	42000	115000	5143	56	3.53	0.03	0.92	0.03	3.99	1.6	0.0	-0.284	0.028	-0.398	0.043	-0.482	0.04	-0.565	0.025	-0.158	0.02	-0.729	0.019	-0.548	0.03	-0.374	0.012	-0.388	0.022	-0.196	0.028	-0.32	0.031	-0.284	0.028	68	-0.398	0.043	36	-0.482	0.04	49	-0.559	0.024	372	-0.627	0.042	39	-0.158	0.02	4	-0.729	0.019	20	-0.548	0.03	65	-0.374	0.012	16	-0.388	0.022	22	-0.175	0.031	70	-0.298	0.015	15	-0.32	0.031	56	4	Indirect theta
HIP14086	K Subgiant (IV)	HD18907_UVE_1	HIP14086_UVES_1	HD18907	epsFor	UVES	327	42000	45990	5143	56	3.53	0.03	0.92	0.03	3.99	1.6	0.0	-0.284	0.028	-0.398	0.043	-0.482	0.04	-0.565	0.025	-0.158	0.02	-0.729	0.019	-0.548	0.03	-0.374	0.012	-0.388	0.022	-0.196	0.028	-0.32	0.031	-0.284	0.028	68	-0.398	0.043	36	-0.482	0.04	49	-0.559	0.024	372	-0.627	0.042	39	-0.158	0.02	4	-0.729	0.019	20	-0.548	0.03	65	-0.374	0.012	16	-0.388	0.022	22	-0.175	0.031	70	-0.298	0.015	15	-0.32	0.031	56	4	Indirect theta
HIP14135	K Bright Giant (II)	HD18884_FER_1	HIP14135_FEROS_1	HD18884	alfCet	FEROS	293	42000	48000	3738	170	0.66	0.07	0.64	0.03	5.77	1.6	0.0	-0.394	0.097	-0.725	0.082	-0.325	0.127	-0.569	0.169	-0.603	0.022	-0.757	0.21	-0.462	0.173	-0.605	0.13	-0.063	0.405	-0.201	0.116	0.071	0.285	-0.394	0.097	46	-0.725	0.082	34	-0.325	0.127	28	-0.558	0.167	318	-0.738	0.207	20	-0.603	0.022	5	-0.757	0.21	15	-0.462	0.173	58	-0.605	0.13	15	-0.063	0.405	14	-0.052	0.136	25	-0.397	0.089	19	0.071	0.285	39	5	-
HIP14135	K Bright Giant (II)	HD18884_HAR_1	HIP14135_HARPS_1	HD18884	alfCet	HARPS	171	42000	115000	3738	170	0.66	0.07	0.64	0.03	5.77	1.6	0.0	-0.394	0.097	-0.725	0.082	-0.325	0.127	-0.569	0.169	-0.603	0.022	-0.757	0.21	-0.462	0.173	-0.605	0.13	-0.063	0.405	-0.201	0.116	0.071	0.285	-0.394	0.097	46	-0.725	0.082	34	-0.325	0.127	28	-0.558	0.167	318	-0.738	0.207	20	-0.603	0.022	5	-0.757	0.21	15	-0.462	0.173	58	-0.605	0.13	15	-0.063	0.405	14	-0.052	0.136	25	-0.397	0.089	19	0.071	0.285	39	5	-
HIP14135	K Bright Giant (II)	HD18884_NAR_1	HIP14135_NARVAL_1	HD18884	alfCet	NARVAL	1206	42000	68000	3738	170	0.66	0.07	0.64	0.03	5.77	1.6	0.0	-0.394	0.097	-0.725	0.082	-0.325	0.127	-0.569	0.169	-0.603	0.022	-0.757	0.21	-0.462	0.173	-0.605	0.13	-0.063	0.405	-0.201	0.116	0.071	0.285	-0.394	0.097	46	-0.725	0.082	34	-0.325	0.127	28	-0.558	0.167	318	-0.738	0.207	20	-0.603	0.022	5	-0.757	0.21	15	-0.462	0.173	58	-0.605	0.13	15	-0.063	0.405	14	-0.052	0.136	25	-0.397	0.089	19	0.071	0.285	39	5	-
HIP14135	K Bright Giant (II)	HD18884_UVE_1	HIP14135_UVES_1	HD18884	alfCet	UVES	552	42000	74450	3738	170	0.66	0.07	0.64	0.03	5.77	1.6	0.0	-0.394	0.097	-0.725	0.082	-0.325	0.127	-0.569	0.169	-0.603	0.022	-0.757	0.21	-0.462	0.173	-0.605	0.13	-0.063	0.405	-0.201	0.116	0.071	0.285	-0.394	0.097	46	-0.725	0.082	34	-0.325	0.127	28	-0.558	0.167	318	-0.738	0.207	20	-0.603	0.022	5	-0.757	0.21	15	-0.462	0.173	58	-0.605	0.13	15	-0.063	0.405	14	-0.052	0.136	25	-0.397	0.089	19	0.071	0.285	39	5	-
HIP14632	G Dwarf (V)	HD19373_NAR_1	HIP14632_NARVAL_1	HD19373	-	NARVAL	251	42000	68000	5921	17	4.17	0.01	1.24	0.04	4.84	1.6	0.0	0.067	0.036	0.063	0.05	0.053	0.021	0.068	0.028	0.067	0.038	0.052	0.035	0.077	0.024	0.1	0.014	0.09	0.023	0.038	0.023	0.035	0.03	0.067	0.036	34	0.063	0.05	19	0.053	0.021	23	0.064	0.028	194	0.109	0.028	20	0.067	0.038	2	0.052	0.035	8	0.077	0.024	36	0.1	0.014	8	0.09	0.023	12	0.031	0.025	36	0.073	0.012	8	0.035	0.03	27	2	-
HIP14838	K Giant (III)	HD19787_HAR_1	HIP14838_HARPS_1	HD19787	-	HARPS	131	42000	115000	4703	161	2.36	0.23	1.4	0.02	4.22	1.6	0.0	-0.069	0.038	-0.114	0.055	-0.088	0.047	-0.099	0.048	0.026	0.031	-0.084	0.073	-0.111	0.035	-0.186	0.062	0.044	0.06	-0.172	0.063	-0.181	0.065	-0.069	0.038	45	-0.114	0.055	27	-0.088	0.047	33	-0.096	0.047	246	-0.119	0.057	29	0.026	0.031	3	-0.084	0.073	13	-0.111	0.035	48	-0.186	0.062	12	0.044	0.06	15	-0.186	0.06	48	-0.112	0.078	11	-0.181	0.065	42	3	-
HIP14838	K Giant (III)	HD19787_UVE_1	HIP14838_UVES_1	HD19787	-	UVES	267	42000	45990	4703	161	2.36	0.23	1.4	0.02	4.22	1.6	0.0	-0.069	0.038	-0.114	0.055	-0.088	0.047	-0.099	0.048	0.026	0.031	-0.084	0.073	-0.111	0.035	-0.186	0.062	0.044	0.06	-0.172	0.063	-0.181	0.065	-0.069	0.038	45	-0.114	0.055	27	-0.088	0.047	33	-0.096	0.047	246	-0.119	0.057	29	0.026	0.031	3	-0.084	0.073	13	-0.111	0.035	48	-0.186	0.062	12	0.044	0.06	15	-0.186	0.06	48	-0.112	0.078	11	-0.181	0.065	42	3	-
HIP14954	G Subgiant (IV)	HD19994_ESP_1	HIP14954_ESPADONS_1	HD19994	-	ESPADONS	1152	42000	68000	5912	59	4.0	0.04	1.39	0.03	4.86	1.6	0.0	0.073	0.024	-0.008	0.028	0.015	0.025	0.062	0.025	0.057	0.016	0.006	0.054	0.052	0.026	0.133	0.01	0.132	0.033	0.004	0.026	-0.046	0.034	0.073	0.024	72	-0.008	0.028	33	0.015	0.025	56	0.049	0.026	434	0.191	0.02	46	0.057	0.016	5	0.006	0.054	15	0.052	0.026	81	0.133	0.01	16	0.132	0.033	28	-0.024	0.027	81	0.123	0.022	19	-0.046	0.034	63	5	-
HIP14954	G Subgiant (IV)	HD19994_HAR_1	HIP14954_HARPS_1	HD19994	-	HARPS	866	42000	115000	5912	59	4.0	0.04	1.39	0.03	4.86	1.6	0.0	0.073	0.024	-0.008	0.028	0.015	0.025	0.062	0.025	0.057	0.016	0.006	0.054	0.052	0.026	0.133	0.01	0.132	0.033	0.004	0.026	-0.046	0.034	0.073	0.024	72	-0.008	0.028	33	0.015	0.025	56	0.049	0.026	434	0.191	0.02	46	0.057	0.016	5	0.006	0.054	15	0.052	0.026	81	0.133	0.01	16	0.132	0.033	28	-0.024	0.027	81	0.123	0.022	19	-0.046	0.034	63	5	-
HIP14954	G Subgiant (IV)	HD19994_NAR_1	HIP14954_NARVAL_1	HD19994	-	NARVAL	1695	42000	68000	5912	59	4.0	0.04	1.39	0.03	4.86	1.6	0.0	0.073	0.024	-0.008	0.028	0.015	0.025	0.062	0.025	0.057	0.016	0.006	0.054	0.052	0.026	0.133	0.01	0.132	0.033	0.004	0.026	-0.046	0.034	0.073	0.024	72	-0.008	0.028	33	0.015	0.025	56	0.049	0.026	434	0.191	0.02	46	0.057	0.016	5	0.006	0.054	15	0.052	0.026	81	0.133	0.01	16	0.132	0.033	28	-0.024	0.027	81	0.123	0.022	19	-0.046	0.034	63	5	-
HIP14954	G Subgiant (IV)	HD19994_UVE_1	HIP14954_UVES_1	HD19994	-	UVES	310	42000	107200	5912	59	4.0	0.04	1.39	0.03	4.86	1.6	0.0	0.073	0.024	-0.008	0.028	0.015	0.025	0.062	0.025	0.057	0.016	0.006	0.054	0.052	0.026	0.133	0.01	0.132	0.033	0.004	0.026	-0.046	0.034	0.073	0.024	72	-0.008	0.028	33	0.015	0.025	56	0.049	0.026	434	0.191	0.02	46	0.057	0.016	5	0.006	0.054	15	0.052	0.026	81	0.133	0.01	16	0.132	0.033	28	-0.024	0.027	81	0.123	0.022	19	-0.046	0.034	63	5	-
HIP15457	G Dwarf (V)	HD20630_FER_1	HIP15457_FEROS_1	HD20630	-	FEROS	266	42000	48000	5786	87	4.5	0.04	1.23	0.04	4.15	1.6	0.0	0.118	0.03	0.017	0.034	0.105	0.021	0.083	0.024	0.016	0.017	0.054	0.018	0.033	0.017	-0.034	0.024	0.016	0.014	0.057	0.026	0.084	0.02	0.118	0.03	64	0.017	0.034	37	0.105	0.021	47	0.089	0.024	359	0.036	0.023	40	0.016	0.017	4	0.054	0.018	15	0.033	0.017	68	-0.034	0.024	16	0.016	0.014	20	0.075	0.027	67	-0.017	0.019	16	0.084	0.02	55	4	-
HIP15457	G Dwarf (V)	HD20630_NAR_1	HIP15457_NARVAL_1	HD20630	-	NARVAL	1300	42000	68000	5786	87	4.5	0.04	1.23	0.04	4.15	1.6	0.0	0.118	0.03	0.017	0.034	0.105	0.021	0.083	0.024	0.016	0.017	0.054	0.018	0.033	0.017	-0.034	0.024	0.016	0.014	0.057	0.026	0.084	0.02	0.118	0.03	64	0.017	0.034	37	0.105	0.021	47	0.089	0.024	359	0.036	0.023	40	0.016	0.017	4	0.054	0.018	15	0.033	0.017	68	-0.034	0.024	16	0.016	0.014	20	0.075	0.027	67	-0.017	0.019	16	0.084	0.02	55	4	-
HIP15457	G Dwarf (V)	HD20630_UVE_1	HIP15457_UVES_1	HD20630	-	UVES	412	42000	45990	5786	87	4.5	0.04	1.23	0.04	4.15	1.6	0.0	0.118	0.03	0.017	0.034	0.105	0.021	0.083	0.024	0.016	0.017	0.054	0.018	0.033	0.017	-0.034	0.024	0.016	0.014	0.057	0.026	0.084	0.02	0.118	0.03	64	0.017	0.034	37	0.105	0.021	47	0.089	0.024	359	0.036	0.023	40	0.016	0.017	4	0.054	0.018	15	0.033	0.017	68	-0.034	0.024	16	0.016	0.014	20	0.075	0.027	67	-0.017	0.019	16	0.084	0.02	55	4	-
HIP15776	G Subgiant (IV)	HD21019_ESP_1	HIP15776_ESPADONS_1	HD21019	-	ESPADONS	628	42000	68000	5259	66	3.73	0.12	0.9	0.02	3.84	1.6	0.0	-0.514	0.025	-0.554	0.026	-0.623	0.024	-0.56	0.027	-0.42	0.016	-0.741	0.037	-0.576	0.017	-0.315	0.01	-0.414	0.02	-0.489	0.018	-0.656	0.02	-0.514	0.025	69	-0.554	0.026	37	-0.623	0.024	49	-0.579	0.028	383	-0.376	0.025	39	-0.42	0.016	4	-0.741	0.037	20	-0.576	0.017	69	-0.315	0.01	16	-0.414	0.02	22	-0.527	0.019	67	-0.321	0.014	15	-0.656	0.02	59	4	-
HIP15776	G Subgiant (IV)	HD21019_HAR_1	HIP15776_HARPS_1	HD21019	-	HARPS	1004	42000	115000	5259	66	3.73	0.12	0.9	0.02	3.84	1.6	0.0	-0.514	0.025	-0.554	0.026	-0.623	0.024	-0.56	0.027	-0.42	0.016	-0.741	0.037	-0.576	0.017	-0.315	0.01	-0.414	0.02	-0.489	0.018	-0.656	0.02	-0.514	0.025	69	-0.554	0.026	37	-0.623	0.024	49	-0.579	0.028	383	-0.376	0.025	39	-0.42	0.016	4	-0.741	0.037	20	-0.576	0.017	69	-0.315	0.01	16	-0.414	0.02	22	-0.527	0.019	67	-0.321	0.014	15	-0.656	0.02	59	4	-
HIP15776	G Subgiant (IV)	HD21019_NAR_1	HIP15776_NARVAL_1	HD21019	-	NARVAL	896	42000	68000	5259	66	3.73	0.12	0.9	0.02	3.84	1.6	0.0	-0.514	0.025	-0.554	0.026	-0.623	0.024	-0.56	0.027	-0.42	0.016	-0.741	0.037	-0.576	0.017	-0.315	0.01	-0.414	0.02	-0.489	0.018	-0.656	0.02	-0.514	0.025	69	-0.554	0.026	37	-0.623	0.024	49	-0.579	0.028	383	-0.376	0.025	39	-0.42	0.016	4	-0.741	0.037	20	-0.576	0.017	69	-0.315	0.01	16	-0.414	0.02	22	-0.527	0.019	67	-0.321	0.014	15	-0.656	0.02	59	4	-
HIP15776	G Subgiant (IV)	HD21019_UVE_1	HIP15776_UVES_1	HD21019	-	UVES	557	42000	107200	5259	66	3.73	0.12	0.9	0.02	3.84	1.6	0.0	-0.514	0.025	-0.554	0.026	-0.623	0.024	-0.56	0.027	-0.42	0.016	-0.741	0.037	-0.576	0.017	-0.315	0.01	-0.414	0.02	-0.489	0.018	-0.656	0.02	-0.514	0.025	69	-0.554	0.026	37	-0.623	0.024	49	-0.579	0.028	383	-0.376	0.025	39	-0.42	0.016	4	-0.741	0.037	20	-0.576	0.017	69	-0.315	0.01	16	-0.414	0.02	22	-0.527	0.019	67	-0.321	0.014	15	-0.656	0.02	59	4	-
HIP16537	K Dwarf (V)	HD22049_FER_1	HIP16537_FEROS_1	HD22049	epsEri	FEROS	284	42000	48000	5062	29	4.6	0.01	1.01	0.04	3.23	1.6	0.0	-0.058	0.026	-0.147	0.031	-0.079	0.019	-0.095	0.031	-0.164	0.013	-0.116	0.018	-0.178	0.033	-0.168	0.041	-0.1	0.022	-0.081	0.036	-0.06	0.026	-0.058	0.026	62	-0.147	0.031	45	-0.079	0.019	60	-0.103	0.025	430	-0.012	0.089	41	-0.164	0.013	5	-0.116	0.018	25	-0.178	0.033	79	-0.168	0.041	20	-0.1	0.022	28	-0.07	0.038	81	-0.13	0.026	19	-0.06	0.026	72	5	-
HIP16537	K Dwarf (V)	HD22049_HAR_1	HIP16537_HARPS_1	HD22049	epsEri	HARPS	799	42000	115000	5062	29	4.6	0.01	1.01	0.04	3.23	1.6	0.0	-0.058	0.026	-0.147	0.031	-0.079	0.019	-0.095	0.031	-0.164	0.013	-0.116	0.018	-0.178	0.033	-0.168	0.041	-0.1	0.022	-0.081	0.036	-0.06	0.026	-0.058	0.026	62	-0.147	0.031	45	-0.079	0.019	60	-0.103	0.025	430	-0.012	0.089	41	-0.164	0.013	5	-0.116	0.018	25	-0.178	0.033	79	-0.168	0.041	20	-0.1	0.022	28	-0.07	0.038	81	-0.13	0.026	19	-0.06	0.026	72	5	-
HIP16537	K Dwarf (V)	HD22049_NAR_1	HIP16537_NARVAL_1	HD22049	epsEri	NARVAL	1690	42000	68000	5062	29	4.6	0.01	1.01	0.04	3.23	1.6	0.0	-0.058	0.026	-0.147	0.031	-0.079	0.019	-0.095	0.031	-0.164	0.013	-0.116	0.018	-0.178	0.033	-0.168	0.041	-0.1	0.022	-0.081	0.036	-0.06	0.026	-0.058	0.026	62	-0.147	0.031	45	-0.079	0.019	60	-0.103	0.025	430	-0.012	0.089	41	-0.164	0.013	5	-0.116	0.018	25	-0.178	0.033	79	-0.168	0.041	20	-0.1	0.022	28	-0.07	0.038	81	-0.13	0.026	19	-0.06	0.026	72	5	-
HIP16537	K Dwarf (V)	HD22049_UVE_1	HIP16537_UVES_1	HD22049	epsEri	UVES	1090	42000	107200	5062	29	4.6	0.01	1.01	0.04	3.23	1.6	0.0	-0.058	0.026	-0.147	0.031	-0.079	0.019	-0.095	0.031	-0.164	0.013	-0.116	0.018	-0.178	0.033	-0.168	0.041	-0.1	0.022	-0.081	0.036	-0.06	0.026	-0.058	0.026	62	-0.147	0.031	45	-0.079	0.019	60	-0.103	0.025	430	-0.012	0.089	41	-0.164	0.013	5	-0.116	0.018	25	-0.178	0.033	79	-0.168	0.041	20	-0.1	0.022	28	-0.07	0.038	81	-0.13	0.026	19	-0.06	0.026	72	5	-
HIP16852	G Dwarf (V)	HD22484_FER_1	HIP16852_FEROS_1	HD22484	-	FEROS	896	42000	48000	6000	59	4.06	0.03	1.38	0.02	5.45	1.6	0.0	-0.034	0.027	-0.087	0.033	-0.098	0.015	-0.067	0.019	-0.022	0.018	-0.113	0.017	-0.088	0.016	-0.048	0.01	-0.069	0.02	-0.067	0.017	-0.098	0.02	-0.034	0.027	68	-0.087	0.033	36	-0.098	0.015	45	-0.069	0.018	379	-0.057	0.02	40	-0.022	0.018	4	-0.113	0.017	15	-0.088	0.016	68	-0.048	0.01	16	-0.069	0.02	22	-0.071	0.017	67	-0.053	0.017	16	-0.098	0.02	52	4	-
HIP16852	G Dwarf (V)	HD22484_NAR_1	HIP16852_NARVAL_1	HD22484	-	NARVAL	224	42000	68000	6000	59	4.06	0.03	1.38	0.02	5.45	1.6	0.0	-0.034	0.027	-0.087	0.033	-0.098	0.015	-0.067	0.019	-0.022	0.018	-0.113	0.017	-0.088	0.016	-0.048	0.01	-0.069	0.02	-0.067	0.017	-0.098	0.02	-0.034	0.027	68	-0.087	0.033	36	-0.098	0.015	45	-0.069	0.018	379	-0.057	0.02	40	-0.022	0.018	4	-0.113	0.017	15	-0.088	0.016	68	-0.048	0.01	16	-0.069	0.02	22	-0.071	0.017	67	-0.053	0.017	16	-0.098	0.02	52	4	-
HIP16852	G Dwarf (V)	HD22484_UVE_1	HIP16852_UVES_1	HD22484	-	UVES	482	42000	74450	6000	59	4.06	0.03	1.38	0.02	5.45	1.6	0.0	-0.034	0.027	-0.087	0.033	-0.098	0.015	-0.067	0.019	-0.022	0.018	-0.113	0.017	-0.088	0.016	-0.048	0.01	-0.069	0.02	-0.067	0.017	-0.098	0.02	-0.034	0.027	68	-0.087	0.033	36	-0.098	0.015	45	-0.069	0.018	379	-0.057	0.02	40	-0.022	0.018	4	-0.113	0.017	15	-0.088	0.016	68	-0.048	0.01	16	-0.069	0.02	22	-0.071	0.017	67	-0.053	0.017	16	-0.098	0.02	52	4	-
HIP1686	F Subgiant (IV)	HD1671_HER_1	HIP1686_HERMES_1	HD1671	-	HERMES	265	42000	75000	6674	34	3.69	0.04	2.28	0.18	11.11	1.6	0.0	0.064	0.134	0.002	0.19	-0.065	0.043	-0.07	0.067	-0.235	0.094	-0.036	0.158	0.021	0.141	-0.051	0.078	0.024	0.062	0.023	0.079	0.316	0.154	0.064	0.134	12	0.002	0.19	2	-0.065	0.043	5	-0.064	0.07	97	-0.195	0.02	5	-0.235	0.094	1	-0.036	0.158	8	0.021	0.141	11	-0.051	0.078	8	0.024	0.062	6	0.047	0.08	9	-0.083	0.074	2	0.316	0.154	3	2	-
HIP17086	K Giant (III)	HD22798_HAR_1	HIP17086_HARPS_1	HD22798	-	HARPS	272	42000	115000	4652	88	2.4	0.25	1.46	0.02	4.25	1.6	0.0	-0.178	0.042	-0.161	0.061	-0.213	0.056	-0.162	0.054	-0.058	0.041	-0.193	0.055	-0.164	0.039	-0.142	0.07	0.043	0.07	-0.228	0.062	-0.278	0.077	-0.178	0.042	32	-0.161	0.061	18	-0.213	0.056	21	-0.17	0.052	171	-0.089	0.071	19	-0.058	0.041	2	-0.193	0.055	8	-0.164	0.039	32	-0.142	0.07	8	0.043	0.07	12	-0.257	0.06	34	-0.086	0.075	7	-0.278	0.077	31	2	-
HIP17086	K Giant (III)	HD22798_HER_1	HIP17086_HERMES_1	HD22798	-	HERMES	117	42000	75000	4652	88	2.4	0.25	1.46	0.02	4.25	1.6	0.0	-0.178	0.042	-0.161	0.061	-0.213	0.056	-0.162	0.054	-0.058	0.041	-0.193	0.055	-0.164	0.039	-0.142	0.07	0.043	0.07	-0.228	0.062	-0.278	0.077	-0.178	0.042	32	-0.161	0.061	18	-0.213	0.056	21	-0.17	0.052	171	-0.089	0.071	19	-0.058	0.041	2	-0.193	0.055	8	-0.164	0.039	32	-0.142	0.07	8	0.043	0.07	12	-0.257	0.06	34	-0.086	0.075	7	-0.278	0.077	31	2	-
HIP171	G Dwarf (V)	HD224930_UVE_1	HIP171_UVES_1	HD224930	-	UVES	230	42000	56990	5445	30	4.39	0.03	0.35	0.29	3.98	1.6	0.0	-0.518	0.04	-0.652	0.052	-0.725	0.035	-0.771	0.051	-0.405	0.03	-0.957	0.026	-0.778	0.038	-0.574	0.034	-0.557	0.028	-0.435	0.036	-0.616	0.032	-0.518	0.04	34	-0.652	0.052	18	-0.725	0.035	24	-0.777	0.049	187	-0.71	0.076	19	-0.405	0.03	2	-0.957	0.026	8	-0.778	0.038	32	-0.574	0.034	8	-0.557	0.028	10	-0.43	0.037	34	-0.453	0.032	8	-0.616	0.032	29	2	-
HIP17147	G Dwarf (V)	HD22879_FER_1	HIP17147_FEROS_1	HD22879	HD22879	FEROS	392	42000	48000	5962	86	4.28	0.04	1.18	0.05	5.85	1.6	0.0	-0.532	0.02	-0.665	0.043	-0.819	0.021	-0.778	0.028	-0.404	0.015	-1.043	0.022	-0.791	0.03	-0.662	0.026	-0.596	0.026	-0.473	0.021	-0.643	0.026	-0.532	0.02	83	-0.665	0.043	43	-0.819	0.021	53	-0.774	0.029	464	-0.81	0.019	49	-0.404	0.015	5	-1.043	0.022	17	-0.791	0.03	84	-0.662	0.026	19	-0.596	0.026	25	-0.465	0.021	94	-0.509	0.02	20	-0.643	0.026	63	5	Indirect theta
HIP17147	G Dwarf (V)	HD22879_HAR_1	HIP17147_HARPS_1	HD22879	HD22879	HARPS	1008	42000	115000	5962	86	4.28	0.04	1.18	0.05	5.85	1.6	0.0	-0.532	0.02	-0.665	0.043	-0.819	0.021	-0.778	0.028	-0.404	0.015	-1.043	0.022	-0.791	0.03	-0.662	0.026	-0.596	0.026	-0.473	0.021	-0.643	0.026	-0.532	0.02	83	-0.665	0.043	43	-0.819	0.021	53	-0.774	0.029	464	-0.81	0.019	49	-0.404	0.015	5	-1.043	0.022	17	-0.791	0.03	84	-0.662	0.026	19	-0.596	0.026	25	-0.465	0.021	94	-0.509	0.02	20	-0.643	0.026	63	5	Indirect theta
HIP17147	G Dwarf (V)	HD22879_NAR_1	HIP17147_NARVAL_1	HD22879	HD22879	NARVAL	895	42000	68000	5962	86	4.28	0.04	1.18	0.05	5.85	1.6	0.0	-0.532	0.02	-0.665	0.043	-0.819	0.021	-0.778	0.028	-0.404	0.015	-1.043	0.022	-0.791	0.03	-0.662	0.026	-0.596	0.026	-0.473	0.021	-0.643	0.026	-0.532	0.02	83	-0.665	0.043	43	-0.819	0.021	53	-0.774	0.029	464	-0.81	0.019	49	-0.404	0.015	5	-1.043	0.022	17	-0.791	0.03	84	-0.662	0.026	19	-0.596	0.026	25	-0.465	0.021	94	-0.509	0.02	20	-0.643	0.026	63	5	Indirect theta
HIP17147	G Dwarf (V)	HD22879_UVE_1	HIP17147_UVES_1	HD22879	HD22879	UVES	334	42000	51690	5962	86	4.28	0.04	1.18	0.05	5.85	1.6	0.0	-0.532	0.02	-0.665	0.043	-0.819	0.021	-0.778	0.028	-0.404	0.015	-1.043	0.022	-0.791	0.03	-0.662	0.026	-0.596	0.026	-0.473	0.021	-0.643	0.026	-0.532	0.02	83	-0.665	0.043	43	-0.819	0.021	53	-0.774	0.029	464	-0.81	0.019	49	-0.404	0.015	5	-1.043	0.022	17	-0.791	0.03	84	-0.662	0.026	19	-0.596	0.026	25	-0.465	0.021	94	-0.509	0.02	20	-0.643	0.026	63	5	Indirect theta
HIP17378	K Subgiant (IV)	HD23249_FER_1	HIP17378_FEROS_1	HD23249	delEri	FEROS	130	42000	48000	4954	38	3.79	0.1	0.92	0.02	3.57	1.6	0.0	0.008	0.039	0.097	0.055	0.027	0.022	0.04	0.04	0.052	0.019	0.029	0.05	0.072	0.026	0.134	0.059	0.161	0.047	0.037	0.049	0.059	0.06	0.008	0.039	46	0.097	0.055	28	0.027	0.022	39	0.031	0.04	266	0.118	0.038	28	0.052	0.019	3	0.029	0.05	14	0.072	0.026	50	0.134	0.059	12	0.161	0.047	17	0.026	0.054	52	0.084	0.026	12	0.059	0.06	42	3	-
HIP17378	K Subgiant (IV)	HD23249_NAR_1	HIP17378_NARVAL_1	HD23249	delEri	NARVAL	1573	42000	68000	4954	38	3.79	0.1	0.92	0.02	3.57	1.6	0.0	0.008	0.039	0.097	0.055	0.027	0.022	0.04	0.04	0.052	0.019	0.029	0.05	0.072	0.026	0.134	0.059	0.161	0.047	0.037	0.049	0.059	0.06	0.008	0.039	46	0.097	0.055	28	0.027	0.022	39	0.031	0.04	266	0.118	0.038	28	0.052	0.019	3	0.029	0.05	14	0.072	0.026	50	0.134	0.059	12	0.161	0.047	17	0.026	0.054	52	0.084	0.026	12	0.059	0.06	42	3	-
HIP17595	K Giant (III)	HD23526_HAR_1	HIP17595_HARPS_1	HD23526	-	HARPS	96	42000	115000	4763	81	2.33	0.15	1.42	0.03	4.45	1.6	0.0	-0.239	0.039	-0.279	0.061	-0.297	0.039	-0.284	0.045	-0.126	0.048	-0.36	0.085	-0.325	0.036	-0.273	0.044	-0.123	0.053	-0.289	0.047	-0.327	0.063	-0.239	0.039	34	-0.279	0.061	18	-0.297	0.039	23	-0.284	0.044	188	-0.288	0.052	19	-0.126	0.048	2	-0.36	0.085	10	-0.325	0.036	36	-0.273	0.044	8	-0.123	0.053	12	-0.298	0.047	38	-0.241	0.052	7	-0.327	0.063	30	2	-
HIP17595	K Giant (III)	HD23526_HER_1	HIP17595_HERMES_1	HD23526	-	HERMES	198	42000	75000	4763	81	2.33	0.15	1.42	0.03	4.45	1.6	0.0	-0.239	0.039	-0.279	0.061	-0.297	0.039	-0.284	0.045	-0.126	0.048	-0.36	0.085	-0.325	0.036	-0.273	0.044	-0.123	0.053	-0.289	0.047	-0.327	0.063	-0.239	0.039	34	-0.279	0.061	18	-0.297	0.039	23	-0.284	0.044	188	-0.288	0.052	19	-0.126	0.048	2	-0.36	0.085	10	-0.325	0.036	36	-0.273	0.044	8	-0.123	0.053	12	-0.298	0.047	38	-0.241	0.052	7	-0.327	0.063	30	2	-
HIP17738	K Giant (III)	HD23940_HAR_1	HIP17738_HARPS_1	HD23940	-	HARPS	332	42000	115000	4815	52	2.43	0.06	1.36	0.02	4.5	1.6	0.0	-0.322	0.038	-0.276	0.083	-0.409	0.034	-0.393	0.047	-0.097	0.041	-0.607	0.06	-0.411	0.041	-0.294	0.045	-0.254	0.04	-0.254	0.027	-0.348	0.059	-0.322	0.038	28	-0.276	0.083	18	-0.409	0.034	21	-0.393	0.046	171	-0.385	0.056	17	-0.097	0.041	2	-0.607	0.06	6	-0.411	0.041	30	-0.294	0.045	8	-0.254	0.04	7	-0.262	0.027	30	-0.22	0.027	7	-0.348	0.059	28	2	-
HIP17738	K Giant (III)	HD23940_UVE_1	HIP17738_UVES_1	HD23940	-	UVES	186	42000	107200	4815	52	2.43	0.06	1.36	0.02	4.5	1.6	0.0	-0.322	0.038	-0.276	0.083	-0.409	0.034	-0.393	0.047	-0.097	0.041	-0.607	0.06	-0.411	0.041	-0.294	0.045	-0.254	0.04	-0.254	0.027	-0.348	0.059	-0.322	0.038	28	-0.276	0.083	18	-0.409	0.034	21	-0.393	0.046	171	-0.385	0.056	17	-0.097	0.041	2	-0.607	0.06	6	-0.411	0.041	30	-0.294	0.045	8	-0.254	0.04	7	-0.262	0.027	30	-0.22	0.027	7	-0.348	0.059	28	2	-
HIP18859	F Dwarf (V)	HD25457_FER_1	HIP18859_FEROS_1	HD25457	-	FEROS	1034	42000	48000	6295	91	4.39	0.04	1.62	0.04	7.24	1.6	0.0	0.113	0.039	-0.063	0.045	0.012	0.04	0.06	0.039	-0.002	0.022	-0.014	0.009	0.038	0.037	-0.048	0.014	0.041	0.073	0.006	0.047	0.031	0.039	0.113	0.039	52	-0.063	0.045	15	0.012	0.04	35	0.06	0.04	288	0.053	0.032	33	-0.002	0.022	4	-0.014	0.009	8	0.038	0.037	54	-0.048	0.014	16	0.041	0.073	22	0.01	0.051	49	-0.022	0.016	7	0.031	0.039	35	4	-
HIP18859	F Dwarf (V)	HD25457_HAR_1	HIP18859_HARPS_1	HD25457	-	HARPS	1028	42000	115000	6295	91	4.39	0.04	1.62	0.04	7.24	1.6	0.0	0.113	0.039	-0.063	0.045	0.012	0.04	0.06	0.039	-0.002	0.022	-0.014	0.009	0.038	0.037	-0.048	0.014	0.041	0.073	0.006	0.047	0.031	0.039	0.113	0.039	52	-0.063	0.045	15	0.012	0.04	35	0.06	0.04	288	0.053	0.032	33	-0.002	0.022	4	-0.014	0.009	8	0.038	0.037	54	-0.048	0.014	16	0.041	0.073	22	0.01	0.051	49	-0.022	0.016	7	0.031	0.039	35	4	-
HIP18859	F Dwarf (V)	HD25457_UVE_1	HIP18859_UVES_1	HD25457	-	UVES	251	42000	45000	6295	91	4.39	0.04	1.62	0.04	7.24	1.6	0.0	0.113	0.039	-0.063	0.045	0.012	0.04	0.06	0.039	-0.002	0.022	-0.014	0.009	0.038	0.037	-0.048	0.014	0.041	0.073	0.006	0.047	0.031	0.039	0.113	0.039	52	-0.063	0.045	15	0.012	0.04	35	0.06	0.04	288	0.053	0.032	33	-0.002	0.022	4	-0.014	0.009	8	0.038	0.037	54	-0.048	0.014	16	0.041	0.073	22	0.01	0.051	49	-0.022	0.016	7	0.031	0.039	35	4	-
HIP19849	K Dwarf (V)	HD26965_ESP_1	HIP19849_ESPADONS_1	HD26965	-	ESPADONS	500	42000	68000	5181	21	4.51	0.01	0.59	0.06	3.33	1.6	0.0	-0.073	0.029	-0.125	0.033	-0.173	0.036	-0.266	0.03	0.034	0.019	-0.34	0.02	-0.251	0.04	-0.081	0.027	-0.126	0.017	0.038	0.052	0.012	0.041	-0.073	0.029	55	-0.125	0.033	36	-0.173	0.036	52	-0.264	0.029	367	-0.286	0.047	35	0.034	0.019	4	-0.34	0.02	18	-0.251	0.04	65	-0.081	0.027	16	-0.126	0.017	24	0.067	0.055	71	-0.092	0.041	16	0.012	0.041	62	4	-
HIP19849	K Dwarf (V)	HD26965_FER_1	HIP19849_FEROS_1	HD26965	-	FEROS	183	42000	48000	5181	21	4.51	0.01	0.59	0.06	3.33	1.6	0.0	-0.073	0.029	-0.125	0.033	-0.173	0.036	-0.266	0.03	0.034	0.019	-0.34	0.02	-0.251	0.04	-0.081	0.027	-0.126	0.017	0.038	0.052	0.012	0.041	-0.073	0.029	55	-0.125	0.033	36	-0.173	0.036	52	-0.264	0.029	367	-0.286	0.047	35	0.034	0.019	4	-0.34	0.02	18	-0.251	0.04	65	-0.081	0.027	16	-0.126	0.017	24	0.067	0.055	71	-0.092	0.041	16	0.012	0.041	62	4	-
HIP19849	K Dwarf (V)	HD26965_NAR_1	HIP19849_NARVAL_1	HD26965	-	NARVAL	1437	42000	68000	5181	21	4.51	0.01	0.59	0.06	3.33	1.6	0.0	-0.073	0.029	-0.125	0.033	-0.173	0.036	-0.266	0.03	0.034	0.019	-0.34	0.02	-0.251	0.04	-0.081	0.027	-0.126	0.017	0.038	0.052	0.012	0.041	-0.073	0.029	55	-0.125	0.033	36	-0.173	0.036	52	-0.264	0.029	367	-0.286	0.047	35	0.034	0.019	4	-0.34	0.02	18	-0.251	0.04	65	-0.081	0.027	16	-0.126	0.017	24	0.067	0.055	71	-0.092	0.041	16	0.012	0.041	62	4	-
HIP2021	G Subgiant (IV)	HD2151_HAR_1	HIP2021_HARPS_1	HD2151	betHyi	HARPS	1002	42000	115000	5917	25	3.97	0.04	1.41	0.03	5.02	1.6	0.0	-0.027	0.036	-0.017	0.059	-0.064	0.028	-0.055	0.027	0.006	0.024	-0.075	0.018	-0.056	0.028	-0.046	0.013	-0.062	0.025	-0.024	0.031	-0.041	0.027	-0.027	0.036	34	-0.017	0.059	19	-0.064	0.028	22	-0.052	0.027	190	-0.09	0.026	19	0.006	0.024	2	-0.075	0.018	9	-0.056	0.028	35	-0.046	0.013	8	-0.062	0.025	10	-0.018	0.032	35	-0.053	0.024	7	-0.041	0.027	28	2	-
HIP2021	G Subgiant (IV)	HD2151_UVE_1	HIP2021_UVES_1	HD2151	betHyi	UVES	416	42000	74450	5917	25	3.97	0.04	1.41	0.03	5.02	1.6	0.0	-0.027	0.036	-0.017	0.059	-0.064	0.028	-0.055	0.027	0.006	0.024	-0.075	0.018	-0.056	0.028	-0.046	0.013	-0.062	0.025	-0.024	0.031	-0.041	0.027	-0.027	0.036	34	-0.017	0.059	19	-0.064	0.028	22	-0.052	0.027	190	-0.09	0.026	19	0.006	0.024	2	-0.075	0.018	9	-0.056	0.028	35	-0.046	0.013	8	-0.062	0.025	10	-0.018	0.032	35	-0.053	0.024	7	-0.041	0.027	28	2	-
HIP21421	K Bright Giant (II)	HD29139_ESP_1	HIP21421_ESPADONS_1	HD29139	alfTau	ESPADONS	500	42000	68000	3921	80	1.17	0.05	0.85	0.02	5.03	1.6	0.0	-0.054	0.057	-0.314	0.072	-0.149	0.095	-0.236	0.111	-0.108	0.015	-0.218	0.081	-0.195	0.093	-0.245	0.066	-0.033	0.214	0.101	0.049	0.363	0.201	-0.054	0.057	45	-0.314	0.072	44	-0.149	0.095	33	-0.225	0.105	356	-0.359	0.179	31	-0.108	0.015	5	-0.218	0.081	15	-0.195	0.093	67	-0.245	0.066	15	-0.033	0.214	14	0.317	0.057	23	-0.16	0.038	19	0.363	0.201	39	5	-
HIP21421	K Bright Giant (II)	HD29139_HAR_1	HIP21421_HARPS_1	HD29139	alfTau	HARPS	244	42000	115000	3921	80	1.17	0.05	0.85	0.02	5.03	1.6	0.0	-0.054	0.057	-0.314	0.072	-0.149	0.095	-0.236	0.111	-0.108	0.015	-0.218	0.081	-0.195	0.093	-0.245	0.066	-0.033	0.214	0.101	0.049	0.363	0.201	-0.054	0.057	45	-0.314	0.072	44	-0.149	0.095	33	-0.225	0.105	356	-0.359	0.179	31	-0.108	0.015	5	-0.218	0.081	15	-0.195	0.093	67	-0.245	0.066	15	-0.033	0.214	14	0.317	0.057	23	-0.16	0.038	19	0.363	0.201	39	5	-
HIP21421	K Bright Giant (II)	HD29139_NAR_1	HIP21421_NARVAL_1	HD29139	alfTau	NARVAL	2005	42000	68000	3921	80	1.17	0.05	0.85	0.02	5.03	1.6	0.0	-0.054	0.057	-0.314	0.072	-0.149	0.095	-0.236	0.111	-0.108	0.015	-0.218	0.081	-0.195	0.093	-0.245	0.066	-0.033	0.214	0.101	0.049	0.363	0.201	-0.054	0.057	45	-0.314	0.072	44	-0.149	0.095	33	-0.225	0.105	356	-0.359	0.179	31	-0.108	0.015	5	-0.218	0.081	15	-0.195	0.093	67	-0.245	0.066	15	-0.033	0.214	14	0.317	0.057	23	-0.16	0.038	19	0.363	0.201	39	5	-
HIP21421	K Bright Giant (II)	HD29139_UVE_1	HIP21421_UVES_1	HD29139	alfTau	UVES	689	42000	74450	3921	80	1.17	0.05	0.85	0.02	5.03	1.6	0.0	-0.054	0.057	-0.314	0.072	-0.149	0.095	-0.236	0.111	-0.108	0.015	-0.218	0.081	-0.195	0.093	-0.245	0.066	-0.033	0.214	0.101	0.049	0.363	0.201	-0.054	0.057	45	-0.314	0.072	44	-0.149	0.095	33	-0.225	0.105	356	-0.359	0.179	31	-0.108	0.015	5	-0.218	0.081	15	-0.195	0.093	67	-0.245	0.066	15	-0.033	0.214	14	0.317	0.057	23	-0.16	0.038	19	0.363	0.201	39	5	-
HIP22449	F Dwarf (V)	HD30652_FER_1	HIP22449_FEROS_1	HD30652	-	FEROS	404	42000	48000	6518	35	4.31	0.01	1.73	0.04	9.18	1.6	0.0	0.076	0.033	-0.032	0.04	0.005	0.041	0.051	0.033	-0.026	0.02	-0.017	0.01	0.026	0.033	-0.044	0.016	0.046	0.027	0.011	0.041	0.008	0.066	0.076	0.033	54	-0.032	0.04	9	0.005	0.041	36	0.05	0.035	298	0.058	0.019	34	-0.026	0.02	4	-0.017	0.01	8	0.026	0.033	54	-0.044	0.016	16	0.046	0.027	20	0.017	0.044	52	-0.034	0.019	7	0.008	0.066	35	4	-
HIP22449	F Dwarf (V)	HD30652_HAR_1	HIP22449_HARPS_1	HD30652	-	HARPS	1022	42000	115000	6518	35	4.31	0.01	1.73	0.04	9.18	1.6	0.0	0.076	0.033	-0.032	0.04	0.005	0.041	0.051	0.033	-0.026	0.02	-0.017	0.01	0.026	0.033	-0.044	0.016	0.046	0.027	0.011	0.041	0.008	0.066	0.076	0.033	54	-0.032	0.04	9	0.005	0.041	36	0.05	0.035	298	0.058	0.019	34	-0.026	0.02	4	-0.017	0.01	8	0.026	0.033	54	-0.044	0.016	16	0.046	0.027	20	0.017	0.044	52	-0.034	0.019	7	0.008	0.066	35	4	-
HIP22449	F Dwarf (V)	HD30652_NAR_1	HIP22449_NARVAL_1	HD30652	-	NARVAL	1648	42000	68000	6518	35	4.31	0.01	1.73	0.04	9.18	1.6	0.0	0.076	0.033	-0.032	0.04	0.005	0.041	0.051	0.033	-0.026	0.02	-0.017	0.01	0.026	0.033	-0.044	0.016	0.046	0.027	0.011	0.041	0.008	0.066	0.076	0.033	54	-0.032	0.04	9	0.005	0.041	36	0.05	0.035	298	0.058	0.019	34	-0.026	0.02	4	-0.017	0.01	8	0.026	0.033	54	-0.044	0.016	16	0.046	0.027	20	0.017	0.044	52	-0.034	0.019	7	0.008	0.066	35	4	-
HIP22453	K Bright Giant (II)	HD30504_FIE_1	HIP22453_FIES_1	HD30504	-	FIES	295	42000	65000	4097	20	1.32	0.05	1.23	0.03	5.16	1.6	0.0	-0.208	0.068	-0.373	0.118	-0.374	0.103	-0.423	0.114	-0.148	0.039	-0.365	0.027	-0.442	0.11	-0.362	0.083	-0.322	0.105	-0.131	0.12	-0.095	0.189	-0.208	0.068	22	-0.373	0.118	16	-0.374	0.103	16	-0.416	0.104	148	-0.501	0.215	14	-0.148	0.039	2	-0.365	0.027	6	-0.442	0.11	27	-0.362	0.083	6	-0.322	0.105	8	0.002	0.162	13	-0.348	0.051	8	-0.095	0.189	21	2	-
HIP22453	K Bright Giant (II)	HD30504_HER_1	HIP22453_HERMES_1	HD30504	-	HERMES	197	42000	75000	4097	20	1.32	0.05	1.23	0.03	5.16	1.6	0.0	-0.208	0.068	-0.373	0.118	-0.374	0.103	-0.423	0.114	-0.148	0.039	-0.365	0.027	-0.442	0.11	-0.362	0.083	-0.322	0.105	-0.131	0.12	-0.095	0.189	-0.208	0.068	22	-0.373	0.118	16	-0.374	0.103	16	-0.416	0.104	148	-0.501	0.215	14	-0.148	0.039	2	-0.365	0.027	6	-0.442	0.11	27	-0.362	0.083	6	-0.322	0.105	8	0.002	0.162	13	-0.348	0.051	8	-0.095	0.189	21	2	-
HIP22479	K Giant (III)	HD30814_HAR_1	HIP22479_HARPS_1	HD30814	-	HARPS	404	42000	115000	4901	27	2.73	0.04	1.5	0.02	3.97	1.6	0.0	-0.012	0.041	-0.001	0.08	-0.009	0.045	-0.036	0.051	0.008	0.034	-0.016	0.071	-0.061	0.041	-0.036	0.071	0.068	0.065	-0.028	0.06	-0.007	0.074	-0.012	0.041	30	-0.001	0.08	19	-0.009	0.045	23	-0.035	0.049	174	-0.046	0.064	19	0.008	0.034	2	-0.016	0.071	10	-0.061	0.041	35	-0.036	0.071	8	0.068	0.065	12	-0.04	0.056	32	0.025	0.077	7	-0.007	0.074	29	2	-
HIP22479	K Giant (III)	HD30814_HER_1	HIP22479_HERMES_1	HD30814	-	HERMES	173	42000	75000	4901	27	2.73	0.04	1.5	0.02	3.97	1.6	0.0	-0.012	0.041	-0.001	0.08	-0.009	0.045	-0.036	0.051	0.008	0.034	-0.016	0.071	-0.061	0.041	-0.036	0.071	0.068	0.065	-0.028	0.06	-0.007	0.074	-0.012	0.041	30	-0.001	0.08	19	-0.009	0.045	23	-0.035	0.049	174	-0.046	0.064	19	0.008	0.034	2	-0.016	0.071	10	-0.061	0.041	35	-0.036	0.071	8	0.068	0.065	12	-0.04	0.056	32	0.025	0.077	7	-0.007	0.074	29	2	-
HIP2413	K Giant (III)	HD2665_HER_1	HIP2413_HERMES_1	HD2665	-	HERMES	133	42000	75000	4951	25	2.32	0.03	1.5	0.06	5.6	1.6	0.0	-1.848	0.044	-1.999	0.119	-2.213	0.089	-2.025	0.062	-1.852	0.073	-2.562	0.129	-2.177	0.07	-1.976	0.049	-1.874	0.041	-1.906	0.034	-1.835	0.422	-1.848	0.044	29	-1.999	0.119	4	-2.213	0.089	11	-2.047	0.064	117	-1.847	0.045	15	-1.852	0.073	2	-2.562	0.129	4	-2.177	0.07	12	-1.976	0.049	8	-1.874	0.041	4	-1.951	0.04	22	-1.763	0.016	7	-1.835	0.422	8	2	-
HIP24813	G Dwarf (V)	HD34411_NAR_1	HIP24813_NARVAL_1	HD34411	-	NARVAL	1145	42000	68000	5823	45	4.2	0.02	1.23	0.02	4.38	1.6	0.0	0.065	0.032	0.042	0.039	0.034	0.02	0.053	0.027	0.064	0.024	0.03	0.038	0.048	0.022	0.096	0.016	0.088	0.02	0.038	0.026	0.004	0.034	0.065	0.032	34	0.042	0.039	20	0.034	0.02	25	0.049	0.027	200	0.096	0.028	20	0.064	0.024	2	0.03	0.038	10	0.048	0.022	36	0.096	0.016	8	0.088	0.02	12	0.029	0.025	36	0.078	0.033	8	0.004	0.034	31	2	-
HIP25993	K Giant (III)	HD36848_HAR_1	HIP25993_HARPS_1	HD36848	-	HARPS	271	42000	115000	4537	163	2.71	0.13	1.15	0.02	3.6	1.6	0.0	0.281	0.091	0.343	0.137	0.356	0.147	0.204	0.133	0.39	0.048	0.427	0.026	0.328	0.108	0.16	0.106	0.418	0.229	0.411	0.186	0.469	0.282	0.281	0.091	11	0.343	0.137	9	0.356	0.147	7	0.208	0.131	73	0.16	0.146	8	0.39	0.048	1	0.427	0.026	2	0.328	0.108	15	0.16	0.106	3	0.418	0.229	6	0.436	0.187	12	0.31	0.18	3	0.469	0.282	12	1	-
HIP26019	K Giant (III)	HD36874_HAR_1	HIP26019_HARPS_1	HD36874	-	HARPS	209	42000	115000	4616	32	2.47	0.1	1.33	0.02	4.18	1.6	0.0	-0.121	0.065	-0.117	0.106	-0.132	0.062	-0.156	0.084	-0.027	0.057	-0.109	0.103	-0.154	0.069	-0.115	0.145	-0.003	0.116	-0.111	0.065	-0.119	0.158	-0.121	0.065	15	-0.117	0.106	9	-0.132	0.062	8	-0.152	0.078	84	-0.187	0.138	9	-0.027	0.057	1	-0.109	0.103	4	-0.154	0.069	16	-0.115	0.145	4	-0.003	0.116	6	-0.117	0.058	15	-0.085	0.096	3	-0.119	0.158	14	1	-
HIP27435	G Dwarf (V)	HD38858_ESP_1	HIP27435_ESPADONS_1	HD38858	-	ESPADONS	993	42000	68000	5705	47	4.43	0.02	0.97	0.03	4.18	1.6	0.0	-0.199	0.025	-0.254	0.045	-0.238	0.015	-0.226	0.02	-0.206	0.017	-0.294	0.015	-0.268	0.02	-0.224	0.022	-0.225	0.018	-0.206	0.017	-0.252	0.022	-0.199	0.025	51	-0.254	0.045	29	-0.238	0.015	36	-0.228	0.02	287	-0.208	0.021	29	-0.206	0.017	3	-0.294	0.015	14	-0.268	0.02	53	-0.224	0.022	12	-0.225	0.018	18	-0.206	0.018	52	-0.203	0.013	11	-0.252	0.022	42	3	-
HIP27435	G Dwarf (V)	HD38858_HAR_1	HIP27435_HARPS_1	HD38858	-	HARPS	1032	42000	115000	5705	47	4.43	0.02	0.97	0.03	4.18	1.6	0.0	-0.199	0.025	-0.254	0.045	-0.238	0.015	-0.226	0.02	-0.206	0.017	-0.294	0.015	-0.268	0.02	-0.224	0.022	-0.225	0.018	-0.206	0.017	-0.252	0.022	-0.199	0.025	51	-0.254	0.045	29	-0.238	0.015	36	-0.228	0.02	287	-0.208	0.021	29	-0.206	0.017	3	-0.294	0.015	14	-0.268	0.02	53	-0.224	0.022	12	-0.225	0.018	18	-0.206	0.018	52	-0.203	0.013	11	-0.252	0.022	42	3	-
HIP27530	K Giant (III)	HD39523_HAR_1	HIP27530_HARPS_1	HD39523	-	HARPS	174	42000	115000	4583	80	2.36	0.13	1.27	0.05	4.13	1.6	0.0	-0.02	0.067	-0.012	0.097	-0.013	0.073	-0.048	0.112	0.11	0.067	0.038	0.116	0.003	0.058	0.002	0.211	0.115	0.119	-0.01	0.083	-0.076	0.178	-0.02	0.067	10	-0.012	0.097	8	-0.013	0.073	5	-0.049	0.103	74	-0.043	0.19	8	0.11	0.067	1	0.038	0.116	3	0.003	0.058	14	0.002	0.211	4	0.115	0.119	4	-0.033	0.067	11	0.073	0.14	3	-0.076	0.178	13	1	-
HIP27621	K Giant (III)	HD39640_HAR_1	HIP27621_HARPS_1	HD39640	-	HARPS	361	42000	115000	4851	41	2.6	0.05	1.48	0.04	4.22	1.6	0.0	-0.183	0.054	-0.197	0.091	-0.229	0.049	-0.206	0.061	-0.105	0.044	-0.269	0.092	-0.249	0.051	-0.138	0.075	-0.074	0.075	-0.201	0.068	-0.228	0.089	-0.183	0.054	17	-0.197	0.091	9	-0.229	0.049	10	-0.21	0.06	93	-0.166	0.064	9	-0.105	0.044	1	-0.269	0.092	5	-0.249	0.051	18	-0.138	0.075	4	-0.074	0.075	6	-0.217	0.065	18	-0.103	0.085	3	-0.228	0.089	16	1	-
HIP27913	G Dwarf (V)	HD39587_ESP_1	HIP27913_ESPADONS_1	HD39587	-	ESPADONS	500	42000	68000	5883	63	4.47	0.02	1.31	0.03	4.77	1.6	0.0	-0.049	0.023	-0.201	0.032	-0.097	0.021	-0.076	0.021	-0.137	0.017	-0.177	0.032	-0.153	0.019	-0.129	0.025	-0.081	0.021	-0.113	0.023	-0.135	0.026	-0.049	0.023	61	-0.201	0.032	21	-0.097	0.021	44	-0.083	0.021	352	-0.014	0.025	36	-0.137	0.017	4	-0.177	0.032	12	-0.153	0.019	63	-0.129	0.025	12	-0.081	0.021	22	-0.121	0.026	68	-0.081	0.012	16	-0.135	0.026	51	4	-
HIP27913	G Dwarf (V)	HD39587_NAR_1	HIP27913_NARVAL_1	HD39587	-	NARVAL	1224	42000	68000	5883	63	4.47	0.02	1.31	0.03	4.77	1.6	0.0	-0.049	0.023	-0.201	0.032	-0.097	0.021	-0.076	0.021	-0.137	0.017	-0.177	0.032	-0.153	0.019	-0.129	0.025	-0.081	0.021	-0.113	0.023	-0.135	0.026	-0.049	0.023	61	-0.201	0.032	21	-0.097	0.021	44	-0.083	0.021	352	-0.014	0.025	36	-0.137	0.017	4	-0.177	0.032	12	-0.153	0.019	63	-0.129	0.025	12	-0.081	0.021	22	-0.121	0.026	68	-0.081	0.012	16	-0.135	0.026	51	4	-
HIP27913	G Dwarf (V)	HD39587_UVE_1	HIP27913_UVES_1	HD39587	-	UVES	375	42000	45990	5883	63	4.47	0.02	1.31	0.03	4.77	1.6	0.0	-0.049	0.023	-0.201	0.032	-0.097	0.021	-0.076	0.021	-0.137	0.017	-0.177	0.032	-0.153	0.019	-0.129	0.025	-0.081	0.021	-0.113	0.023	-0.135	0.026	-0.049	0.023	61	-0.201	0.032	21	-0.097	0.021	44	-0.083	0.021	352	-0.014	0.025	36	-0.137	0.017	4	-0.177	0.032	12	-0.153	0.019	63	-0.129	0.025	12	-0.081	0.021	22	-0.121	0.026	68	-0.081	0.012	16	-0.135	0.026	51	4	-
HIP29575	K Giant (III)	HD43023_HAR_1	HIP29575_HARPS_1	HD43023	-	HARPS	280	42000	115000	5043	43	2.96	0.08	1.4	0.02	3.96	1.6	0.0	-0.098	0.042	-0.104	0.068	-0.118	0.036	-0.123	0.043	-0.078	0.041	-0.157	0.048	-0.168	0.037	-0.08	0.049	-0.059	0.034	-0.096	0.046	-0.105	0.05	-0.098	0.042	32	-0.104	0.068	19	-0.118	0.036	22	-0.124	0.043	188	-0.112	0.043	19	-0.078	0.041	2	-0.157	0.048	10	-0.168	0.037	36	-0.08	0.049	8	-0.059	0.034	11	-0.105	0.046	37	-0.048	0.045	7	-0.105	0.05	29	2	-
HIP3031	K Giant (III)	HD3546_HER_1	HIP3031_HERMES_1	HD3546	-	HERMES	273	42000	75000	4909	111	2.44	0.11	1.37	0.02	4.73	1.6	0.0	-0.497	0.044	-0.551	0.055	-0.728	0.027	-0.62	0.037	-0.261	0.039	-0.908	0.055	-0.645	0.026	-0.384	0.011	-0.38	0.025	-0.449	0.023	-0.645	0.037	-0.497	0.044	32	-0.551	0.055	18	-0.728	0.027	24	-0.631	0.037	191	-0.51	0.036	19	-0.261	0.039	2	-0.908	0.055	8	-0.645	0.026	32	-0.384	0.011	8	-0.38	0.025	10	-0.487	0.023	33	-0.292	0.021	8	-0.645	0.037	30	2	-
HIP30565	K Giant (III)	HD46116_HAR_1	HIP30565_HARPS_1	HD46116	-	HARPS	273	42000	115000	4880	68	2.53	0.15	1.5	0.04	4.4	1.6	0.0	-0.284	0.057	-0.236	0.098	-0.356	0.031	-0.334	0.055	-0.103	0.051	-0.417	0.051	-0.357	0.041	-0.198	0.054	-0.198	0.051	-0.23	0.048	-0.278	0.079	-0.284	0.057	18	-0.236	0.098	9	-0.356	0.031	10	-0.335	0.054	95	-0.318	0.059	9	-0.103	0.051	1	-0.417	0.051	5	-0.357	0.041	17	-0.198	0.054	4	-0.198	0.051	6	-0.238	0.051	18	-0.178	0.03	3	-0.278	0.079	14	1	-
HIP3093	G Dwarf (V)	HD3651_ESP_1	HIP3093_ESPADONS_1	HD3651	-	ESPADONS	500	42000	68000	5297	31	4.52	0.02	0.92	0.03	2.91	1.6	0.0	0.201	0.029	0.209	0.05	0.223	0.026	0.144	0.033	0.19	0.019	0.228	0.025	0.156	0.029	0.146	0.049	0.157	0.031	0.221	0.042	0.313	0.051	0.201	0.029	37	0.209	0.05	27	0.223	0.026	39	0.152	0.031	273	0.078	0.053	30	0.19	0.019	3	0.228	0.025	15	0.156	0.029	51	0.146	0.049	12	0.157	0.031	18	0.246	0.042	50	0.115	0.038	12	0.313	0.051	47	3	-
HIP3093	G Dwarf (V)	HD3651_NAR_1	HIP3093_NARVAL_1	HD3651	-	NARVAL	1000	42000	68000	5297	31	4.52	0.02	0.92	0.03	2.91	1.6	0.0	0.201	0.029	0.209	0.05	0.223	0.026	0.144	0.033	0.19	0.019	0.228	0.025	0.156	0.029	0.146	0.049	0.157	0.031	0.221	0.042	0.313	0.051	0.201	0.029	37	0.209	0.05	27	0.223	0.026	39	0.152	0.031	273	0.078	0.053	30	0.19	0.019	3	0.228	0.025	15	0.156	0.029	51	0.146	0.049	12	0.157	0.031	18	0.246	0.042	50	0.115	0.038	12	0.313	0.051	47	3	-
HIP3137	K Giant (III)	HD3750_FER_1	HIP3137_FEROS_1	HD3750	-	FEROS	95	42000	48000	4610	51	2.4	0.13	1.44	0.04	4.08	1.6	0.0	-0.101	0.058	0.042	0.078	-0.053	0.035	-0.017	0.067	0.162	0.047	0.061	0.069	0.021	0.052	-0.066	0.098	0.124	0.086	-0.023	0.062	-0.025	0.107	-0.101	0.058	28	0.042	0.078	18	-0.053	0.035	17	-0.021	0.07	152	0.013	0.034	16	0.162	0.047	2	0.061	0.069	7	0.021	0.052	32	-0.066	0.098	8	0.124	0.086	11	-0.033	0.061	26	0.017	0.066	7	-0.025	0.107	27	2	-
HIP3137	K Giant (III)	HD3750_HAR_1	HIP3137_HARPS_1	HD3750	-	HARPS	188	42000	115000	4610	51	2.4	0.13	1.44	0.04	4.08	1.6	0.0	-0.101	0.058	0.042	0.078	-0.053	0.035	-0.017	0.067	0.162	0.047	0.061	0.069	0.021	0.052	-0.066	0.098	0.124	0.086	-0.023	0.062	-0.025	0.107	-0.101	0.058	28	0.042	0.078	18	-0.053	0.035	17	-0.021	0.07	152	0.013	0.034	16	0.162	0.047	2	0.061	0.069	7	0.021	0.052	32	-0.066	0.098	8	0.124	0.086	11	-0.033	0.061	26	0.017	0.066	7	-0.025	0.107	27	2	-
HIP32362	F Subgiant (IV)	HD48737_HER_1	HIP32362_HERMES_1	HD48737	-	HERMES	557	42000	75000	6537	25	3.79	0.03	2.06	0.16	9.59	1.6	0.0	-0.06	0.018			-0.13	0.04	0.009	0.076			-0.031	0.079	0.201	0.214	-0.103	0.061	0.027	0.055	-0.076	0.112	0.225	0.017	-0.06	0.018	4				-0.13	0.04	2	0.009	0.076	51						0	-0.031	0.079	3	0.201	0.214	8	-0.103	0.061	4	0.027	0.055	4	-0.021	0.141	4	-0.184	0.054	2	0.225	0.017	4	2	-
HIP32362	F Subgiant (IV)	HD48737_NAR_1	HIP32362_NARVAL_1	HD48737	-	NARVAL	1546	42000	68000	6537	25	3.79	0.03	2.06	0.16	9.59	1.6	0.0	-0.06	0.018			-0.13	0.04	0.009	0.076			-0.031	0.079	0.201	0.214	-0.103	0.061	0.027	0.055	-0.076	0.112	0.225	0.017	-0.06	0.018	4				-0.13	0.04	2	0.009	0.076	51						0	-0.031	0.079	3	0.201	0.214	8	-0.103	0.061	4	0.027	0.055	4	-0.021	0.141	4	-0.184	0.054	2	0.225	0.017	4	2	-
HIP32851	F Dwarf (V)	HD49933_FER_1	HIP32851_FEROS_1	HD49933	HD49933	FEROS	332	42000	48000	6628	89	4.19	0.04	1.71	0.05	10.79	1.6	0.0	-0.353	0.039	-0.5	0.073	-0.53	0.045	-0.438	0.028	-0.366	0.023	-0.551	0.019	-0.479	0.028	-0.414	0.017	-0.396	0.031	-0.344	0.032	-0.337	0.052	-0.353	0.039	70	-0.5	0.073	10	-0.53	0.045	31	-0.445	0.029	320	-0.377	0.021	35	-0.366	0.023	4	-0.551	0.019	11	-0.479	0.028	59	-0.414	0.017	12	-0.396	0.031	18	-0.339	0.038	50	-0.366	0.008	11	-0.337	0.052	25	4	-
HIP32851	F Dwarf (V)	HD49933_HAR_1	HIP32851_HARPS_1	HD49933	HD49933	HARPS	1020	42000	115000	6628	89	4.19	0.04	1.71	0.05	10.79	1.6	0.0	-0.353	0.039	-0.5	0.073	-0.53	0.045	-0.438	0.028	-0.366	0.023	-0.551	0.019	-0.479	0.028	-0.414	0.017	-0.396	0.031	-0.344	0.032	-0.337	0.052	-0.353	0.039	70	-0.5	0.073	10	-0.53	0.045	31	-0.445	0.029	320	-0.377	0.021	35	-0.366	0.023	4	-0.551	0.019	11	-0.479	0.028	59	-0.414	0.017	12	-0.396	0.031	18	-0.339	0.038	50	-0.366	0.008	11	-0.337	0.052	25	4	-
HIP32851	F Dwarf (V)	HD49933_UVE_1	HIP32851_UVES_1	HD49933	HD49933	UVES	333	42000	47000	6628	89	4.19	0.04	1.71	0.05	10.79	1.6	0.0	-0.353	0.039	-0.5	0.073	-0.53	0.045	-0.438	0.028	-0.366	0.023	-0.551	0.019	-0.479	0.028	-0.414	0.017	-0.396	0.031	-0.344	0.032	-0.337	0.052	-0.353	0.039	70	-0.5	0.073	10	-0.53	0.045	31	-0.445	0.029	320	-0.377	0.021	35	-0.366	0.023	4	-0.551	0.019	11	-0.479	0.028	59	-0.414	0.017	12	-0.396	0.031	18	-0.339	0.038	50	-0.366	0.008	11	-0.337	0.052	25	4	-
HIP3456	K Giant (III)	HD4211_HAR_1	HIP3456_HARPS_1	HD4211	-	HARPS	316	42000	115000	4572	35	2.34	0.1	1.34	0.02	4.16	1.6	0.0	0.023	0.069	0.055	0.115	-0.009	0.08	-0.066	0.111	0.246	0.046	-0.043	0.095	-0.02	0.099	0.036	0.231	0.093	0.09	0.152	0.113	0.107	0.222	0.023	0.069	12	0.055	0.115	9	-0.009	0.08	7	-0.056	0.102	74	-0.161	0.194	8	0.246	0.046	1	-0.043	0.095	4	-0.02	0.099	16	0.036	0.231	4	0.093	0.09	5	0.171	0.119	11	0.083	0.09	3	0.107	0.222	12	1	-
HIP36444	K Giant (III)	HD60060_HAR_1	HIP36444_HARPS_1	HD60060	-	HARPS	244	42000	115000	4814	32	2.59	0.04	1.5	0.04	4.18	1.6	0.0	-0.15	0.044	-0.117	0.072	-0.156	0.036	-0.168	0.049	-0.034	0.044	-0.191	0.071	-0.189	0.043	-0.125	0.068	-0.062	0.058	-0.138	0.051	-0.144	0.07	-0.15	0.044	32	-0.117	0.072	18	-0.156	0.036	23	-0.169	0.048	178	-0.168	0.063	19	-0.034	0.044	2	-0.191	0.071	10	-0.189	0.043	35	-0.125	0.068	8	-0.062	0.058	10	-0.148	0.048	34	-0.088	0.067	7	-0.144	0.07	28	2	-
HIP36444	K Giant (III)	HD60060_UVE_1	HIP36444_UVES_1	HD60060	-	UVES	101	42000	107200	4814	32	2.59	0.04	1.5	0.04	4.18	1.6	0.0	-0.15	0.044	-0.117	0.072	-0.156	0.036	-0.168	0.049	-0.034	0.044	-0.191	0.071	-0.189	0.043	-0.125	0.068	-0.062	0.058	-0.138	0.051	-0.144	0.07	-0.15	0.044	32	-0.117	0.072	18	-0.156	0.036	23	-0.169	0.048	178	-0.168	0.063	19	-0.034	0.044	2	-0.191	0.071	10	-0.189	0.043	35	-0.125	0.068	8	-0.062	0.058	10	-0.148	0.048	34	-0.088	0.067	7	-0.144	0.07	28	2	-
HIP36732	K Giant (III)	HD60341_HAR_1	HIP36732_HARPS_1	HD60341	-	HARPS	208	42000	115000	4563	53	2.4	0.08	1.33	0.03	4.09	1.6	0.0	-0.069	0.056	0.011	0.079	-0.048	0.047	-0.045	0.065	0.105	0.041	-0.019	0.082	0.004	0.049	-0.052	0.113	0.123	0.086	-0.04	0.06	-0.089	0.107	-0.069	0.056	25	0.011	0.079	18	-0.048	0.047	19	-0.052	0.065	156	0.017	0.057	17	0.105	0.041	2	-0.019	0.082	8	0.004	0.049	32	-0.052	0.113	8	0.123	0.086	11	-0.047	0.058	27	-0.012	0.067	7	-0.089	0.107	28	2	-
HIP37279	F Subgiant (IV)	HD61421_ESP_1	HIP37279_ESPADONS_1	HD61421	Procyon	ESPADONS	972	42000	68000	6582	5	3.98	0.02	1.99	0.02	9.98	1.6	0.0	0.019	0.044	-0.038	0.04	-0.102	0.022	-0.034	0.021	0.01	0.014	-0.065	0.027	-0.057	0.018	0.015	0.017	0.002	0.031	-0.019	0.019	-0.01	0.046	0.019	0.044	88	-0.038	0.04	37	-0.102	0.022	54	-0.042	0.022	453	0.041	0.016	49	0.01	0.014	5	-0.065	0.027	15	-0.057	0.018	77	0.015	0.017	20	0.002	0.031	24	-0.023	0.021	74	-0.0	0.01	15	-0.01	0.046	61	5	-
HIP37279	F Subgiant (IV)	HD61421_FER_1	HIP37279_FEROS_1	HD61421	Procyon	FEROS	584	42000	48000	6582	5	3.98	0.02	1.99	0.02	9.98	1.6	0.0	0.019	0.044	-0.038	0.04	-0.102	0.022	-0.034	0.021	0.01	0.014	-0.065	0.027	-0.057	0.018	0.015	0.017	0.002	0.031	-0.019	0.019	-0.01	0.046	0.019	0.044	88	-0.038	0.04	37	-0.102	0.022	54	-0.042	0.022	453	0.041	0.016	49	0.01	0.014	5	-0.065	0.027	15	-0.057	0.018	77	0.015	0.017	20	0.002	0.031	24	-0.023	0.021	74	-0.0	0.01	15	-0.01	0.046	61	5	-
HIP37279	F Subgiant (IV)	HD61421_HAR_1	HIP37279_HARPS_1	HD61421	Procyon	HARPS	728	42000	115000	6582	5	3.98	0.02	1.99	0.02	9.98	1.6	0.0	0.019	0.044	-0.038	0.04	-0.102	0.022	-0.034	0.021	0.01	0.014	-0.065	0.027	-0.057	0.018	0.015	0.017	0.002	0.031	-0.019	0.019	-0.01	0.046	0.019	0.044	88	-0.038	0.04	37	-0.102	0.022	54	-0.042	0.022	453	0.041	0.016	49	0.01	0.014	5	-0.065	0.027	15	-0.057	0.018	77	0.015	0.017	20	0.002	0.031	24	-0.023	0.021	74	-0.0	0.01	15	-0.01	0.046	61	5	-
HIP37279	F Subgiant (IV)	HD61421_UVE_1	HIP37279_UVES_1	HD61421	Procyon	UVES	846	42000	74450	6582	5	3.98	0.02	1.99	0.02	9.98	1.6	0.0	0.019	0.044	-0.038	0.04	-0.102	0.022	-0.034	0.021	0.01	0.014	-0.065	0.027	-0.057	0.018	0.015	0.017	0.002	0.031	-0.019	0.019	-0.01	0.046	0.019	0.044	88	-0.038	0.04	37	-0.102	0.022	54	-0.042	0.022	453	0.041	0.016	49	0.01	0.014	5	-0.065	0.027	15	-0.057	0.018	77	0.015	0.017	20	0.002	0.031	24	-0.023	0.021	74	-0.0	0.01	15	-0.01	0.046	61	5	-
HIP3765	K Dwarf (V)	HD4628_FER_1	HIP3765_FEROS_1	HD4628	-	FEROS	199	42000	48000	5093	33	4.64	0.01	0.74	0.04	3.37	1.6	0.0	-0.143	0.026	-0.176	0.04	-0.168	0.027	-0.253	0.035	-0.161	0.017	-0.215	0.025	-0.264	0.029	-0.23	0.043	-0.263	0.021	-0.065	0.064	-0.001	0.047	-0.143	0.026	50	-0.176	0.04	36	-0.168	0.027	45	-0.249	0.033	348	-0.291	0.057	32	-0.161	0.017	4	-0.215	0.025	19	-0.264	0.029	60	-0.23	0.043	16	-0.263	0.021	23	-0.024	0.069	68	-0.254	0.042	15	-0.001	0.047	58	4	-
HIP3765	K Dwarf (V)	HD4628_HAR_1	HIP3765_HARPS_1	HD4628	-	HARPS	1009	42000	115000	5093	33	4.64	0.01	0.74	0.04	3.37	1.6	0.0	-0.143	0.026	-0.176	0.04	-0.168	0.027	-0.253	0.035	-0.161	0.017	-0.215	0.025	-0.264	0.029	-0.23	0.043	-0.263	0.021	-0.065	0.064	-0.001	0.047	-0.143	0.026	50	-0.176	0.04	36	-0.168	0.027	45	-0.249	0.033	348	-0.291	0.057	32	-0.161	0.017	4	-0.215	0.025	19	-0.264	0.029	60	-0.23	0.043	16	-0.263	0.021	23	-0.024	0.069	68	-0.254	0.042	15	-0.001	0.047	58	4	-
HIP3765	K Dwarf (V)	HD4628_NAR_1	HIP3765_NARVAL_1	HD4628	-	NARVAL	876	42000	68000	5093	33	4.64	0.01	0.74	0.04	3.37	1.6	0.0	-0.143	0.026	-0.176	0.04	-0.168	0.027	-0.253	0.035	-0.161	0.017	-0.215	0.025	-0.264	0.029	-0.23	0.043	-0.263	0.021	-0.065	0.064	-0.001	0.047	-0.143	0.026	50	-0.176	0.04	36	-0.168	0.027	45	-0.249	0.033	348	-0.291	0.057	32	-0.161	0.017	4	-0.215	0.025	19	-0.264	0.029	60	-0.23	0.043	16	-0.263	0.021	23	-0.024	0.069	68	-0.254	0.042	15	-0.001	0.047	58	4	-
HIP37664	K Giant (III)	HD62713_HAR_1	HIP37664_HARPS_1	HD62713	-	HARPS	406	42000	115000	4661	32	2.29	0.08	1.4	0.04	4.27	1.6	0.0	-0.074	0.069	-0.082	0.11	-0.075	0.065	-0.103	0.083	0.071	0.041	-0.068	0.115	-0.121	0.058	-0.175	0.144	0.018	0.124	-0.061	0.085	-0.068	0.138	-0.074	0.069	14	-0.082	0.11	9	-0.075	0.065	8	-0.094	0.078	77	-0.183	0.122	9	0.071	0.041	1	-0.068	0.115	4	-0.121	0.058	16	-0.175	0.144	4	0.018	0.124	6	-0.051	0.072	13	-0.094	0.125	4	-0.068	0.138	15	1	-
HIP37826	K Giant (III)	HD62509_ESP_1	HIP37826_ESPADONS_1	HD62509	betGem	ESPADONS	500	42000	68000	4810	14	2.55	0.03	1.35	0.02	4.11	1.6	0.0	-0.002	0.03	-0.089	0.049	-0.021	0.035	-0.08	0.035	0.037	0.015	-0.078	0.066	-0.11	0.026	-0.171	0.047	0.006	0.041	-0.099	0.047	-0.078	0.047	-0.002	0.03	78	-0.089	0.049	47	-0.021	0.035	62	-0.069	0.034	433	-0.175	0.041	49	0.037	0.015	5	-0.078	0.066	25	-0.11	0.026	87	-0.171	0.047	20	0.006	0.041	27	-0.092	0.043	83	-0.128	0.064	19	-0.078	0.047	73	5	-
HIP37826	K Giant (III)	HD62509_HAR_1	HIP37826_HARPS_1	HD62509	betGem	HARPS	344	42000	115000	4810	14	2.55	0.03	1.35	0.02	4.11	1.6	0.0	-0.002	0.03	-0.089	0.049	-0.021	0.035	-0.08	0.035	0.037	0.015	-0.078	0.066	-0.11	0.026	-0.171	0.047	0.006	0.041	-0.099	0.047	-0.078	0.047	-0.002	0.03	78	-0.089	0.049	47	-0.021	0.035	62	-0.069	0.034	433	-0.175	0.041	49	0.037	0.015	5	-0.078	0.066	25	-0.11	0.026	87	-0.171	0.047	20	0.006	0.041	27	-0.092	0.043	83	-0.128	0.064	19	-0.078	0.047	73	5	-
HIP37826	K Giant (III)	HD62509_NAR_1	HIP37826_NARVAL_1	HD62509	betGem	NARVAL	2221	42000	68000	4810	14	2.55	0.03	1.35	0.02	4.11	1.6	0.0	-0.002	0.03	-0.089	0.049	-0.021	0.035	-0.08	0.035	0.037	0.015	-0.078	0.066	-0.11	0.026	-0.171	0.047	0.006	0.041	-0.099	0.047	-0.078	0.047	-0.002	0.03	78	-0.089	0.049	47	-0.021	0.035	62	-0.069	0.034	433	-0.175	0.041	49	0.037	0.015	5	-0.078	0.066	25	-0.11	0.026	87	-0.171	0.047	20	0.006	0.041	27	-0.092	0.043	83	-0.128	0.064	19	-0.078	0.047	73	5	-
HIP37826	K Giant (III)	HD62509_UVE_1	HIP37826_UVES_1	HD62509	betGem	UVES	463	42000	107200	4810	14	2.55	0.03	1.35	0.02	4.11	1.6	0.0	-0.002	0.03	-0.089	0.049	-0.021	0.035	-0.08	0.035	0.037	0.015	-0.078	0.066	-0.11	0.026	-0.171	0.047	0.006	0.041	-0.099	0.047	-0.078	0.047	-0.002	0.03	78	-0.089	0.049	47	-0.021	0.035	62	-0.069	0.034	433	-0.175	0.041	49	0.037	0.015	5	-0.078	0.066	25	-0.11	0.026	87	-0.171	0.047	20	0.006	0.041	27	-0.092	0.043	83	-0.128	0.064	19	-0.078	0.047	73	5	-
HIP3850	G Dwarf (V)	HD4747_FER_1	HIP3850_FEROS_1	HD4747	-	FEROS	188	42000	48000	5351	48	4.55	0.03	0.9	0.04	3.36	1.6	0.0	-0.176	0.037	-0.234	0.051	-0.192	0.023	-0.227	0.031	-0.174	0.038	-0.247	0.019	-0.278	0.034	-0.246	0.032	-0.22	0.026	-0.164	0.036	-0.157	0.035	-0.176	0.037	32	-0.234	0.051	19	-0.192	0.023	26	-0.226	0.028	189	-0.231	0.062	20	-0.174	0.038	2	-0.247	0.019	9	-0.278	0.034	34	-0.246	0.032	8	-0.22	0.026	12	-0.149	0.039	37	-0.233	0.022	8	-0.157	0.035	30	2	-
HIP3850	G Dwarf (V)	HD4747_HER_1	HIP3850_HERMES_1	HD4747	-	HERMES	161	42000	75000	5351	48	4.55	0.03	0.9	0.04	3.36	1.6	0.0	-0.176	0.037	-0.234	0.051	-0.192	0.023	-0.227	0.031	-0.174	0.038	-0.247	0.019	-0.278	0.034	-0.246	0.032	-0.22	0.026	-0.164	0.036	-0.157	0.035	-0.176	0.037	32	-0.234	0.051	19	-0.192	0.023	26	-0.226	0.028	189	-0.231	0.062	20	-0.174	0.038	2	-0.247	0.019	9	-0.278	0.034	34	-0.246	0.032	8	-0.22	0.026	12	-0.149	0.039	37	-0.233	0.022	8	-0.157	0.035	30	2	-
HIP40526	K Bright Giant (II)	HD69267_NAR_1	HIP40526_NARVAL_1	HD69267	-	NARVAL	1079	42000	68000	4080	15	1.28	0.05	1.23	0.02	4.99	1.6	0.0	-0.053	0.075	-0.291	0.105	-0.211	0.088	-0.22	0.114	-0.023	0.022	-0.147	0.025	-0.283	0.143	-0.235	0.122	-0.183	0.135	-0.015	0.116	0.011	0.2	-0.053	0.075	20	-0.291	0.105	16	-0.211	0.088	14	-0.208	0.112	137	-0.339	0.133	14	-0.023	0.022	2	-0.147	0.025	3	-0.283	0.143	27	-0.235	0.122	6	-0.183	0.135	7	0.086	0.15	16	-0.216	0.047	8	0.011	0.2	19	2	-
HIP40526	K Bright Giant (II)	HD69267_UVE_1	HIP40526_UVES_1	HD69267	-	UVES	613	42000	107200	4080	15	1.28	0.05	1.23	0.02	4.99	1.6	0.0	-0.053	0.075	-0.291	0.105	-0.211	0.088	-0.22	0.114	-0.023	0.022	-0.147	0.025	-0.283	0.143	-0.235	0.122	-0.183	0.135	-0.015	0.116	0.011	0.2	-0.053	0.075	20	-0.291	0.105	16	-0.211	0.088	14	-0.208	0.112	137	-0.339	0.133	14	-0.023	0.022	2	-0.147	0.025	3	-0.283	0.143	27	-0.235	0.122	6	-0.183	0.135	7	0.086	0.15	16	-0.216	0.047	8	0.011	0.2	19	2	-
HIP40693	G Dwarf (V)	HD69830_ESP_1	HIP40693_ESPADONS_1	HD69830	-	ESPADONS	1308	42000	68000	5317	58	4.45	0.03	0.86	0.02	3.18	1.6	0.0	-0.072	0.029	-0.077	0.031	-0.09	0.014	-0.085	0.022	-0.062	0.014	-0.115	0.03	-0.078	0.018	-0.034	0.023	-0.018	0.021	-0.07	0.026	-0.094	0.025	-0.072	0.029	61	-0.077	0.031	37	-0.09	0.014	49	-0.093	0.022	361	-0.015	0.029	39	-0.062	0.014	4	-0.115	0.03	20	-0.078	0.018	67	-0.034	0.023	16	-0.018	0.021	22	-0.076	0.026	70	-0.043	0.025	15	-0.094	0.025	59	4	-
HIP40693	G Dwarf (V)	HD69830_FER_1	HIP40693_FEROS_1	HD69830	-	FEROS	697	42000	48000	5317	58	4.45	0.03	0.86	0.02	3.18	1.6	0.0	-0.072	0.029	-0.077	0.031	-0.09	0.014	-0.085	0.022	-0.062	0.014	-0.115	0.03	-0.078	0.018	-0.034	0.023	-0.018	0.021	-0.07	0.026	-0.094	0.025	-0.072	0.029	61	-0.077	0.031	37	-0.09	0.014	49	-0.093	0.022	361	-0.015	0.029	39	-0.062	0.014	4	-0.115	0.03	20	-0.078	0.018	67	-0.034	0.023	16	-0.018	0.021	22	-0.076	0.026	70	-0.043	0.025	15	-0.094	0.025	59	4	-
HIP40693	G Dwarf (V)	HD69830_HAR_1	HIP40693_HARPS_1	HD69830	-	HARPS	1000	42000	115000	5317	58	4.45	0.03	0.86	0.02	3.18	1.6	0.0	-0.072	0.029	-0.077	0.031	-0.09	0.014	-0.085	0.022	-0.062	0.014	-0.115	0.03	-0.078	0.018	-0.034	0.023	-0.018	0.021	-0.07	0.026	-0.094	0.025	-0.072	0.029	61	-0.077	0.031	37	-0.09	0.014	49	-0.093	0.022	361	-0.015	0.029	39	-0.062	0.014	4	-0.115	0.03	20	-0.078	0.018	67	-0.034	0.023	16	-0.018	0.021	22	-0.076	0.026	70	-0.043	0.025	15	-0.094	0.025	59	4	-
HIP40693	G Dwarf (V)	HD69830_UVE_1	HIP40693_UVES_1	HD69830	-	UVES	621	42000	107200	5317	58	4.45	0.03	0.86	0.02	3.18	1.6	0.0	-0.072	0.029	-0.077	0.031	-0.09	0.014	-0.085	0.022	-0.062	0.014	-0.115	0.03	-0.078	0.018	-0.034	0.023	-0.018	0.021	-0.07	0.026	-0.094	0.025	-0.072	0.029	61	-0.077	0.031	37	-0.09	0.014	49	-0.093	0.022	361	-0.015	0.029	39	-0.062	0.014	4	-0.115	0.03	20	-0.078	0.018	67	-0.034	0.023	16	-0.018	0.021	22	-0.076	0.026	70	-0.043	0.025	15	-0.094	0.025	59	4	-
HIP40843	F Dwarf (V)	HD69897_HER_1	HIP40843_HERMES_1	HD69897	-	HERMES	325	42000	75000	6203	57	4.17	0.02	1.42	0.03	6.97	1.6	0.0	-0.245	0.04	-0.335	0.058	-0.372	0.036	-0.306	0.032	-0.236	0.028	-0.416	0.033	-0.373	0.031	-0.285	0.024	-0.269	0.041	-0.287	0.025	-0.345	0.057	-0.245	0.04	34	-0.335	0.058	16	-0.372	0.036	24	-0.313	0.032	188	-0.247	0.024	20	-0.236	0.028	2	-0.416	0.033	7	-0.373	0.031	33	-0.285	0.024	8	-0.269	0.041	11	-0.299	0.028	33	-0.238	0.013	8	-0.345	0.057	23	2	-
HIP4151	F Dwarf (V)	HD5015_NAR_1	HIP4151_NARVAL_1	HD5015	-	NARVAL	306	42000	68000	6033	37	4.03	0.03	1.4	0.02	5.57	1.6	0.0	0.071	0.036	-0.048	0.042	-0.025	0.022	0.013	0.029	0.004	0.03	-0.064	0.038	-0.023	0.02	0.033	0.013	0.03	0.031	-0.008	0.027	-0.036	0.045	0.071	0.036	35	-0.048	0.042	16	-0.025	0.022	22	0.008	0.029	188	0.053	0.029	20	0.004	0.03	2	-0.064	0.038	6	-0.023	0.02	31	0.033	0.013	8	0.03	0.031	10	-0.017	0.029	33	0.03	0.02	8	-0.036	0.045	28	2	-
HIP4257	K Giant (III)	HD5268_HER_1	HIP4257_HERMES_1	HD5268	-	HERMES	98	42000	75000	4944	116	2.36	0.18	1.42	0.03	4.68	1.6	0.0	-0.403	0.047	-0.421	0.062	-0.55	0.035	-0.491	0.034	-0.251	0.044	-0.65	0.026	-0.539	0.036	-0.361	0.017	-0.401	0.025	-0.388	0.031	-0.473	0.033	-0.403	0.047	34	-0.421	0.062	20	-0.55	0.035	25	-0.49	0.034	190	-0.498	0.037	20	-0.251	0.044	2	-0.65	0.026	10	-0.539	0.036	35	-0.361	0.017	8	-0.401	0.025	11	-0.396	0.036	36	-0.351	0.007	8	-0.473	0.033	34	2	-
HIP43587	K Dwarf (V)	HD75732_ESP_1	HIP43587_ESPADONS_1	HD75732	-	ESPADONS	500	42000	68000	5169	44	4.41	0.02	0.91	0.02	2.73	1.6	0.0	0.245	0.027	0.355	0.038	0.274	0.015	0.277	0.032	0.278	0.013	0.338	0.041	0.362	0.014	0.335	0.054	0.434	0.04	0.265	0.041	0.297	0.044	0.245	0.027	60	0.355	0.038	47	0.274	0.015	60	0.269	0.031	427	0.347	0.036	48	0.278	0.013	5	0.338	0.041	25	0.362	0.014	84	0.335	0.054	20	0.434	0.04	28	0.25	0.04	78	0.33	0.049	19	0.297	0.044	71	5	-
HIP43587	K Dwarf (V)	HD75732_HAR_1	HIP43587_HARPS_1	HD75732	-	HARPS	986	42000	115000	5169	44	4.41	0.02	0.91	0.02	2.73	1.6	0.0	0.245	0.027	0.355	0.038	0.274	0.015	0.277	0.032	0.278	0.013	0.338	0.041	0.362	0.014	0.335	0.054	0.434	0.04	0.265	0.041	0.297	0.044	0.245	0.027	60	0.355	0.038	47	0.274	0.015	60	0.269	0.031	427	0.347	0.036	48	0.278	0.013	5	0.338	0.041	25	0.362	0.014	84	0.335	0.054	20	0.434	0.04	28	0.25	0.04	78	0.33	0.049	19	0.297	0.044	71	5	-
HIP43587	K Dwarf (V)	HD75732_NAR_1	HIP43587_NARVAL_1	HD75732	-	NARVAL	1177	42000	68000	5169	44	4.41	0.02	0.91	0.02	2.73	1.6	0.0	0.245	0.027	0.355	0.038	0.274	0.015	0.277	0.032	0.278	0.013	0.338	0.041	0.362	0.014	0.335	0.054	0.434	0.04	0.265	0.041	0.297	0.044	0.245	0.027	60	0.355	0.038	47	0.274	0.015	60	0.269	0.031	427	0.347	0.036	48	0.278	0.013	5	0.338	0.041	25	0.362	0.014	84	0.335	0.054	20	0.434	0.04	28	0.25	0.04	78	0.33	0.049	19	0.297	0.044	71	5	-
HIP43587	K Dwarf (V)	HD75732_UVE_1	HIP43587_UVES_1	HD75732	-	UVES	540	42000	107200	5169	44	4.41	0.02	0.91	0.02	2.73	1.6	0.0	0.245	0.027	0.355	0.038	0.274	0.015	0.277	0.032	0.278	0.013	0.338	0.041	0.362	0.014	0.335	0.054	0.434	0.04	0.265	0.041	0.297	0.044	0.245	0.027	60	0.355	0.038	47	0.274	0.015	60	0.269	0.031	427	0.347	0.036	48	0.278	0.013	5	0.338	0.041	25	0.362	0.014	84	0.335	0.054	20	0.434	0.04	28	0.25	0.04	78	0.33	0.049	19	0.297	0.044	71	5	-
HIP43813	K Giant (III)	HD76294_ESP_1	HIP43813_ESPADONS_1	HD76294	-	ESPADONS	500	42000	68000	4836	14	2.49	0.04	1.57	0.02	4.27	1.6	0.0	-0.193	0.059	-0.186	0.07	-0.206	0.054	-0.188	0.047	-0.129	0.033	-0.274	0.087	-0.238	0.049	-0.171	0.068	-0.063	0.037	-0.22	0.062	-0.241	0.062	-0.193	0.059	33	-0.186	0.07	19	-0.206	0.054	24	-0.192	0.047	175	-0.148	0.048	19	-0.129	0.033	2	-0.274	0.087	10	-0.238	0.049	33	-0.171	0.068	8	-0.063	0.037	10	-0.232	0.064	34	-0.168	0.053	8	-0.241	0.062	30	2	-
HIP45343	K Dwarf (V)	HD79210_ESP_1	HIP45343_ESPADONS_1	HD79210	-	ESPADONS	819	42000	68000	3997	34	4.69	0.02	0.2	0.5	5.14	1.6	0.0	-0.394	0.119	-0.241	0.229	-0.426	0.118	-0.532	0.227	-0.52	0.017	-0.474	0.1	-0.432	0.133	-0.518	0.307	0.524	0.039	-0.486	0.12	-0.578	0.087	-0.394	0.119	12	-0.241	0.229	21	-0.426	0.118	26	-0.532	0.227	218			0	-0.52	0.017	3	-0.474	0.1	9	-0.432	0.133	23	-0.518	0.307	10	0.524	0.039	3	-0.576	0.115	29	-0.158	0.137	8	-0.578	0.087	40	3	-
HIP45343	K Dwarf (V)	HD79210_NAR_1	HIP45343_NARVAL_1	HD79210	-	NARVAL	245	42000	68000	3997	34	4.69	0.02	0.2	0.5	5.14	1.6	0.0	-0.394	0.119	-0.241	0.229	-0.426	0.118	-0.532	0.227	-0.52	0.017	-0.474	0.1	-0.432	0.133	-0.518	0.307	0.524	0.039	-0.486	0.12	-0.578	0.087	-0.394	0.119	12	-0.241	0.229	21	-0.426	0.118	26	-0.532	0.227	218			0	-0.52	0.017	3	-0.474	0.1	9	-0.432	0.133	23	-0.518	0.307	10	0.524	0.039	3	-0.576	0.115	29	-0.158	0.137	8	-0.578	0.087	40	3	-
HIP45860	K Bright Giant (II)	HD80493_HER_1	HIP45860_HERMES_1	HD80493	-	HERMES	383	42000	75000	3881	20	1.06	0.04	1.03	0.02	5.21	1.6	0.0	-0.185	0.078	-0.392	0.097	-0.287	0.151	-0.328	0.154	-0.211	0.025	-0.343	0.091	-0.318	0.11	-0.369	0.125	-0.138	0.302	-0.066	0.09	0.141	0.274	-0.185	0.078	18	-0.392	0.097	16	-0.287	0.151	14	-0.326	0.144	151	-0.358	0.269	13	-0.211	0.025	2	-0.343	0.091	6	-0.318	0.11	26	-0.369	0.125	6	-0.138	0.302	6	0.098	0.096	11	-0.292	0.083	8	0.141	0.274	15	2	-
HIP45860	K Bright Giant (II)	HD80493_NAR_1	HIP45860_NARVAL_1	HD80493	-	NARVAL	1145	42000	68000	3881	20	1.06	0.04	1.03	0.02	5.21	1.6	0.0	-0.185	0.078	-0.392	0.097	-0.287	0.151	-0.328	0.154	-0.211	0.025	-0.343	0.091	-0.318	0.11	-0.369	0.125	-0.138	0.302	-0.066	0.09	0.141	0.274	-0.185	0.078	18	-0.392	0.097	16	-0.287	0.151	14	-0.326	0.144	151	-0.358	0.269	13	-0.211	0.025	2	-0.343	0.091	6	-0.318	0.11	26	-0.369	0.125	6	-0.138	0.302	6	0.098	0.096	11	-0.292	0.083	8	0.141	0.274	15	2	-
HIP4587	K Giant (III)	HD5722_FER_1	HIP4587_FEROS_1	HD5722	-	FEROS	117	42000	48000	4914	50	2.61	0.05	1.46	0.02	4.28	1.6	0.0	-0.218	0.043	-0.218	0.068	-0.279	0.024	-0.26	0.04	-0.137	0.039	-0.323	0.041	-0.297	0.038	-0.159	0.039	-0.148	0.039	-0.209	0.035	-0.235	0.054	-0.218	0.043	34	-0.218	0.068	18	-0.279	0.024	23	-0.261	0.04	186	-0.245	0.039	19	-0.137	0.039	2	-0.323	0.041	10	-0.297	0.038	36	-0.159	0.039	8	-0.148	0.039	12	-0.219	0.035	35	-0.16	0.032	7	-0.235	0.054	30	2	-
HIP4587	K Giant (III)	HD5722_HAR_1	HIP4587_HARPS_1	HD5722	-	HARPS	349	42000	115000	4914	50	2.61	0.05	1.46	0.02	4.28	1.6	0.0	-0.218	0.043	-0.218	0.068	-0.279	0.024	-0.26	0.04	-0.137	0.039	-0.323	0.041	-0.297	0.038	-0.159	0.039	-0.148	0.039	-0.209	0.035	-0.235	0.054	-0.218	0.043	34	-0.218	0.068	18	-0.279	0.024	23	-0.261	0.04	186	-0.245	0.039	19	-0.137	0.039	2	-0.323	0.041	10	-0.297	0.038	36	-0.159	0.039	8	-0.148	0.039	12	-0.219	0.035	35	-0.16	0.032	7	-0.235	0.054	30	2	-
HIP46853	F Subgiant (IV)	HD82328_NAR_1	HIP46853_NARVAL_1	HD82328	-	NARVAL	1845	42000	68000	6217	44	3.83	0.05	1.76	0.03	7.14	1.6	0.0	-0.143	0.054	-0.301	0.039	-0.299	0.05	-0.238	0.035	-0.196	0.02	-0.355	0.053	-0.314	0.036	-0.143	0.025	-0.219	0.08	-0.177	0.039	-0.236	0.087	-0.143	0.054	34	-0.301	0.039	8	-0.299	0.05	22	-0.249	0.036	181	-0.125	0.027	18	-0.196	0.02	2	-0.355	0.053	6	-0.314	0.036	29	-0.143	0.025	8	-0.219	0.08	12	-0.193	0.045	33	-0.111	0.017	8	-0.236	0.087	21	2	-
HIP47080	G Dwarf (V)	HD82885_NAR_1	HIP47080_NARVAL_1	HD82885	-	NARVAL	211	42000	68000	5452	46	4.44	0.02	1.12	0.04	2.99	1.6	0.0	0.26	0.039	0.248	0.059	0.255	0.033	0.234	0.035	0.197	0.036	0.247	0.061	0.27	0.027	0.223	0.049	0.318	0.045	0.205	0.041	0.242	0.039	0.26	0.039	27	0.248	0.059	18	0.255	0.033	26	0.23	0.035	180	0.269	0.036	20	0.197	0.036	2	0.247	0.061	9	0.27	0.027	36	0.223	0.049	8	0.318	0.045	12	0.203	0.039	36	0.217	0.049	8	0.242	0.039	29	2	-
HIP47431	K Giant (III)	HD83618_FER_1	HIP47431_FEROS_1	HD83618	-	FEROS	194	42000	48000	4238	22	1.78	0.04	1.35	0.02	4.58	1.6	0.0	-0.184	0.05	-0.184	0.078	-0.203	0.051	-0.184	0.076	-0.052	0.039	-0.129	0.062	-0.203	0.098	-0.185	0.085	-0.022	0.1	-0.139	0.062	-0.237	0.137	-0.184	0.05	21	-0.184	0.078	16	-0.203	0.051	18	-0.19	0.075	151	-0.128	0.085	16	-0.052	0.039	2	-0.129	0.062	6	-0.203	0.098	31	-0.185	0.085	6	-0.022	0.1	9	-0.123	0.084	17	-0.174	0.014	8	-0.237	0.137	22	2	-
HIP47431	K Giant (III)	HD83618_HER_1	HIP47431_HERMES_1	HD83618	-	HERMES	247	42000	75000	4238	22	1.78	0.04	1.35	0.02	4.58	1.6	0.0	-0.184	0.05	-0.184	0.078	-0.203	0.051	-0.184	0.076	-0.052	0.039	-0.129	0.062	-0.203	0.098	-0.185	0.085	-0.022	0.1	-0.139	0.062	-0.237	0.137	-0.184	0.05	21	-0.184	0.078	16	-0.203	0.051	18	-0.19	0.075	151	-0.128	0.085	16	-0.052	0.039	2	-0.129	0.062	6	-0.203	0.098	31	-0.185	0.085	6	-0.022	0.1	9	-0.123	0.084	17	-0.174	0.014	8	-0.237	0.137	22	2	-
HIP47908	G Giant (III)	HD84441_FIE_1	HIP47908_FIES_1	HD84441	-	FIES	300	42000	65000	5314	17	2.36	0.05	2.14	0.03	4.42	1.6	0.0	-0.111	0.051	-0.206	0.045	-0.211	0.043	-0.163	0.032	-0.104	0.021	-0.255	0.018	-0.247	0.025	-0.051	0.027	-0.085	0.024	-0.167	0.034	-0.208	0.045	-0.111	0.051	38	-0.206	0.045	23	-0.211	0.043	32	-0.173	0.032	246	-0.059	0.036	24	-0.104	0.021	3	-0.255	0.018	9	-0.247	0.025	44	-0.051	0.027	12	-0.085	0.024	12	-0.201	0.036	44	-0.042	0.027	12	-0.208	0.045	40	3	-
HIP47908	G Giant (III)	HD84441_NAR_1	HIP47908_NARVAL_1	HD84441	-	NARVAL	1086	42000	68000	5314	17	2.36	0.05	2.14	0.03	4.42	1.6	0.0	-0.111	0.051	-0.206	0.045	-0.211	0.043	-0.163	0.032	-0.104	0.021	-0.255	0.018	-0.247	0.025	-0.051	0.027	-0.085	0.024	-0.167	0.034	-0.208	0.045	-0.111	0.051	38	-0.206	0.045	23	-0.211	0.043	32	-0.173	0.032	246	-0.059	0.036	24	-0.104	0.021	3	-0.255	0.018	9	-0.247	0.025	44	-0.051	0.027	12	-0.085	0.024	12	-0.201	0.036	44	-0.042	0.027	12	-0.208	0.045	40	3	-
HIP48152	F Dwarf (V)	HD84937_FIE_1	HIP48152_FIES_1	HD84937	HD84937	FIES	171	42000	65000	6484	106	4.16	0.05	0.67	0.25	10.32	1.6	0.0	-1.654	0.037	-0.489	0.484	-2.087	0.03	-1.974	0.073	-1.61	0.121			-1.966	0.257	-1.931	0.08	-1.679	0.217	-1.522	0.028	-0.702	0.566	-1.654	0.037	41	-0.489	0.484	1	-2.087	0.03	5	-1.977	0.075	112	-1.94	0.052	9	-1.61	0.121	3			0	-1.966	0.257	3	-1.931	0.08	7	-1.679	0.217	4	-1.489	0.023	19	-1.68	0.052	4	-0.702	0.566	2	3	Indirect theta
HIP48152	F Dwarf (V)	HD84937_HAR_1	HIP48152_HARPS_1	HD84937	HD84937	HARPS	556	42000	115000	6484	106	4.16	0.05	0.67	0.25	10.32	1.6	0.0	-1.654	0.037	-0.489	0.484	-2.087	0.03	-1.974	0.073	-1.61	0.121			-1.966	0.257	-1.931	0.08	-1.679	0.217	-1.522	0.028	-0.702	0.566	-1.654	0.037	41	-0.489	0.484	1	-2.087	0.03	5	-1.977	0.075	112	-1.94	0.052	9	-1.61	0.121	3			0	-1.966	0.257	3	-1.931	0.08	7	-1.679	0.217	4	-1.489	0.023	19	-1.68	0.052	4	-0.702	0.566	2	3	Indirect theta
HIP48152	F Dwarf (V)	HD84937_UVE_1	HIP48152_UVES_1	HD84937	HD84937	UVES	425	42000	74450	6484	106	4.16	0.05	0.67	0.25	10.32	1.6	0.0	-1.654	0.037	-0.489	0.484	-2.087	0.03	-1.974	0.073	-1.61	0.121			-1.966	0.257	-1.931	0.08	-1.679	0.217	-1.522	0.028	-0.702	0.566	-1.654	0.037	41	-0.489	0.484	1	-2.087	0.03	5	-1.977	0.075	112	-1.94	0.052	9	-1.61	0.121	3			0	-1.966	0.257	3	-1.931	0.08	7	-1.679	0.217	4	-1.489	0.023	19	-1.68	0.052	4	-0.702	0.566	2	3	Indirect theta
HIP48455	K Giant (III)	HD85503_ESP_1	HIP48455_ESPADONS_1	HD85503	muLeo	ESPADONS	1082	42000	68000	4519	23	2.43	0.06	1.25	0.02	3.79	1.6	0.0	0.276	0.046	0.33	0.062	0.285	0.045	0.19	0.063	0.393	0.018	0.371	0.017	0.322	0.058	0.124	0.051	0.417	0.113	0.326	0.064	0.381	0.114	0.276	0.046	42	0.33	0.062	32	0.285	0.045	35	0.198	0.063	292	0.114	0.058	34	0.393	0.018	4	0.371	0.017	5	0.322	0.058	61	0.124	0.051	12	0.417	0.113	19	0.355	0.053	35	0.261	0.089	16	0.381	0.114	43	4	-
HIP48455	K Giant (III)	HD85503_NAR_1	HIP48455_NARVAL_1	HD85503	muLeo	NARVAL	877	42000	68000	4519	23	2.43	0.06	1.25	0.02	3.79	1.6	0.0	0.276	0.046	0.33	0.062	0.285	0.045	0.19	0.063	0.393	0.018	0.371	0.017	0.322	0.058	0.124	0.051	0.417	0.113	0.326	0.064	0.381	0.114	0.276	0.046	42	0.33	0.062	32	0.285	0.045	35	0.198	0.063	292	0.114	0.058	34	0.393	0.018	4	0.371	0.017	5	0.322	0.058	61	0.124	0.051	12	0.417	0.113	19	0.355	0.053	35	0.261	0.089	16	0.381	0.114	43	4	-
HIP48455	K Giant (III)	HD85503_UVE_1	HIP48455_UVES_1	HD85503	muLeo	UVES	97	42000	48498	4519	23	2.43	0.06	1.25	0.02	3.79	1.6	0.0	0.276	0.046	0.33	0.062	0.285	0.045	0.19	0.063	0.393	0.018	0.371	0.017	0.322	0.058	0.124	0.051	0.417	0.113	0.326	0.064	0.381	0.114	0.276	0.046	42	0.33	0.062	32	0.285	0.045	35	0.198	0.063	292	0.114	0.058	34	0.393	0.018	4	0.371	0.017	5	0.322	0.058	61	0.124	0.051	12	0.417	0.113	19	0.355	0.053	35	0.261	0.089	16	0.381	0.114	43	4	-
HIP49081	G Dwarf (V)	HD86728_NAR_1	HIP49081_NARVAL_1	HD86728	-	NARVAL	861	42000	68000	5610	46	4.25	0.02	1.1	0.03	3.52	1.6	0.0	0.118	0.039	0.123	0.046	0.1	0.025	0.119	0.034	0.119	0.027	0.088	0.056	0.15	0.024	0.198	0.029	0.209	0.027	0.093	0.035	0.068	0.029	0.118	0.039	32	0.123	0.046	20	0.1	0.025	26	0.11	0.035	194	0.211	0.03	20	0.119	0.027	2	0.088	0.056	9	0.15	0.024	36	0.198	0.029	8	0.209	0.027	12	0.074	0.031	37	0.18	0.054	8	0.068	0.029	32	2	-
HIP49637	K Giant (III)	HD87837_CAF_1	HIP49637_CAFE_1	HD87837	-	CAFE	172	42000	62000	4106	47	1.59	0.06	1.16	0.04	4.59	1.6	0.0	0.001	0.072	-0.134	0.117	-0.113	0.103	-0.097	0.144	0.031	0.044	-0.004	0.042	-0.095	0.096	-0.198	0.078	0.017	0.148	0.064	0.115	0.161	0.228	0.001	0.072	16	-0.134	0.117	15	-0.113	0.103	13	-0.084	0.139	140	-0.229	0.193	14	0.031	0.044	2	-0.004	0.042	2	-0.095	0.096	26	-0.198	0.078	6	0.017	0.148	8	0.152	0.131	13	-0.078	0.088	8	0.161	0.228	20	2	-
HIP49637	K Giant (III)	HD87837_FIE_1	HIP49637_FIES_1	HD87837	-	FIES	181	42000	65000	4106	47	1.59	0.06	1.16	0.04	4.59	1.6	0.0	0.001	0.072	-0.134	0.117	-0.113	0.103	-0.097	0.144	0.031	0.044	-0.004	0.042	-0.095	0.096	-0.198	0.078	0.017	0.148	0.064	0.115	0.161	0.228	0.001	0.072	16	-0.134	0.117	15	-0.113	0.103	13	-0.084	0.139	140	-0.229	0.193	14	0.031	0.044	2	-0.004	0.042	2	-0.095	0.096	26	-0.198	0.078	6	0.017	0.148	8	0.152	0.131	13	-0.078	0.088	8	0.161	0.228	20	2	-
HIP49908	K Dwarf (V)	HD88230_ESP_1	HIP49908_ESPADONS_1	HD88230	-	ESPADONS	595	42000	68000	4132	72	4.63	0.04	0.2	0.5	4.76	1.6	0.0	-0.149	0.142	-0.083	0.182	-0.176	0.141	-0.257	0.226	-0.356	0.023	-0.272	0.116	-0.165	0.136	-0.267	0.258	0.103	0.521	-0.256	0.077	-0.241	0.1	-0.149	0.142	6	-0.083	0.182	16	-0.176	0.141	14	-0.257	0.226	142			0	-0.356	0.023	1	-0.272	0.116	8	-0.165	0.136	20	-0.267	0.258	8	0.103	0.521	4	-0.293	0.049	17	-0.153	0.157	6	-0.241	0.1	28	2	-
HIP49908	K Dwarf (V)	HD88230_NAR_1	HIP49908_NARVAL_1	HD88230	-	NARVAL	926	42000	68000	4132	72	4.63	0.04	0.2	0.5	4.76	1.6	0.0	-0.149	0.142	-0.083	0.182	-0.176	0.141	-0.257	0.226	-0.356	0.023	-0.272	0.116	-0.165	0.136	-0.267	0.258	0.103	0.521	-0.256	0.077	-0.241	0.1	-0.149	0.142	6	-0.083	0.182	16	-0.176	0.141	14	-0.257	0.226	142			0	-0.356	0.023	1	-0.272	0.116	8	-0.165	0.136	20	-0.267	0.258	8	0.103	0.521	4	-0.293	0.049	17	-0.153	0.157	6	-0.241	0.1	28	2	-
HIP50382	F Dwarf (V)	HD298986_UVE_1	HIP50382_UVES_1	HD298986	HD298986	UVES	257	42000	51690	6344	44	4.29	0.02	1.38	0.08	8.75	1.6	0.0	-1.012	0.066			-1.32	0.122	-1.222	0.081	-1.003	0.072	-1.607	0.288	-1.331	0.096	-1.31	0.046	-1.151	0.109	-0.956	0.074	-0.884	0.197	-1.012	0.066	16				-1.32	0.122	6	-1.223	0.083	69	-1.214	0.068	9	-1.003	0.072	1	-1.607	0.288	1	-1.331	0.096	6	-1.31	0.046	4	-1.151	0.109	3	-0.935	0.067	12	-1.017	0.097	4	-0.884	0.197	2	1	Indirect theta
HIP50564	F Dwarf (V)	HD89449_ESP_1	HIP50564_ESPADONS_1	HD89449	-	ESPADONS	1031	42000	68000	6385	120	4.12	0.05	1.71	0.04	8.05	1.6	0.0	0.081	0.036	-0.026	0.021	-0.034	0.045	0.035	0.036	0.019	0.02	-0.031	0.012	0.023	0.031	0.047	0.011	0.097	0.023	0.012	0.045	-0.021	0.066	0.081	0.036	56	-0.026	0.021	10	-0.034	0.045	34	0.027	0.038	292	0.102	0.026	35	0.019	0.02	4	-0.031	0.012	8	0.023	0.031	54	0.047	0.011	16	0.097	0.023	20	0.007	0.051	47	0.047	0.005	7	-0.021	0.066	32	4	-
HIP50564	F Dwarf (V)	HD89449_HAR_1	HIP50564_HARPS_1	HD89449	-	HARPS	833	42000	115000	6385	120	4.12	0.05	1.71	0.04	8.05	1.6	0.0	0.081	0.036	-0.026	0.021	-0.034	0.045	0.035	0.036	0.019	0.02	-0.031	0.012	0.023	0.031	0.047	0.011	0.097	0.023	0.012	0.045	-0.021	0.066	0.081	0.036	56	-0.026	0.021	10	-0.034	0.045	34	0.027	0.038	292	0.102	0.026	35	0.019	0.02	4	-0.031	0.012	8	0.023	0.031	54	0.047	0.011	16	0.097	0.023	20	0.007	0.051	47	0.047	0.005	7	-0.021	0.066	32	4	-
HIP50564	F Dwarf (V)	HD89449_NAR_1	HIP50564_NARVAL_1	HD89449	-	NARVAL	1541	42000	68000	6385	120	4.12	0.05	1.71	0.04	8.05	1.6	0.0	0.081	0.036	-0.026	0.021	-0.034	0.045	0.035	0.036	0.019	0.02	-0.031	0.012	0.023	0.031	0.047	0.011	0.097	0.023	0.012	0.045	-0.021	0.066	0.081	0.036	56	-0.026	0.021	10	-0.034	0.045	34	0.027	0.038	292	0.102	0.026	35	0.019	0.02	4	-0.031	0.012	8	0.023	0.031	54	0.047	0.011	16	0.097	0.023	20	0.007	0.051	47	0.047	0.005	7	-0.021	0.066	32	4	-
HIP50887	K Subgiant (IV)	HD90043_ESP_1	HIP50887_ESPADONS_1	HD90043	-	ESPADONS	1010	42000	68000	4801	83	3.11	0.06	1.15	0.03	3.89	1.6	0.0	-0.199	0.038	-0.203	0.045	-0.239	0.025	-0.186	0.035	-0.139	0.024	-0.288	0.064	-0.189	0.027	-0.084	0.039	0.001	0.039	-0.229	0.039	-0.307	0.053	-0.199	0.038	49	-0.203	0.045	27	-0.239	0.025	35	-0.201	0.036	275	-0.036	0.025	28	-0.139	0.024	3	-0.288	0.064	15	-0.189	0.027	53	-0.084	0.039	12	0.001	0.039	18	-0.265	0.042	52	-0.058	0.027	11	-0.307	0.053	43	3	-
HIP50887	K Subgiant (IV)	HD90043_FER_1	HIP50887_FEROS_1	HD90043	-	FEROS	129	42000	48000	4801	83	3.11	0.06	1.15	0.03	3.89	1.6	0.0	-0.199	0.038	-0.203	0.045	-0.239	0.025	-0.186	0.035	-0.139	0.024	-0.288	0.064	-0.189	0.027	-0.084	0.039	0.001	0.039	-0.229	0.039	-0.307	0.053	-0.199	0.038	49	-0.203	0.045	27	-0.239	0.025	35	-0.201	0.036	275	-0.036	0.025	28	-0.139	0.024	3	-0.288	0.064	15	-0.189	0.027	53	-0.084	0.039	12	0.001	0.039	18	-0.265	0.042	52	-0.058	0.027	11	-0.307	0.053	43	3	-
HIP50887	K Subgiant (IV)	HD90043_HAR_1	HIP50887_HARPS_1	HD90043	-	HARPS	281	42000	115000	4801	83	3.11	0.06	1.15	0.03	3.89	1.6	0.0	-0.199	0.038	-0.203	0.045	-0.239	0.025	-0.186	0.035	-0.139	0.024	-0.288	0.064	-0.189	0.027	-0.084	0.039	0.001	0.039	-0.229	0.039	-0.307	0.053	-0.199	0.038	49	-0.203	0.045	27	-0.239	0.025	35	-0.201	0.036	275	-0.036	0.025	28	-0.139	0.024	3	-0.288	0.064	15	-0.189	0.027	53	-0.084	0.039	12	0.001	0.039	18	-0.265	0.042	52	-0.058	0.027	11	-0.307	0.053	43	3	-
HIP51459	F Dwarf (V)	HD90839_ESP_1	HIP51459_ESPADONS_1	HD90839	-	ESPADONS	500	42000	68000	6259	56	4.4	0.02	1.38	0.02	7.06	1.6	0.0	0.005	0.038	-0.087	0.063	-0.048	0.019	-0.028	0.026	-0.059	0.023	-0.078	0.014	-0.091	0.036	-0.123	0.02	-0.091	0.019	-0.039	0.028	-0.058	0.05	0.005	0.038	36	-0.087	0.063	18	-0.048	0.019	23	-0.025	0.025	195	-0.056	0.031	20	-0.059	0.023	2	-0.078	0.014	8	-0.091	0.036	36	-0.123	0.02	8	-0.091	0.019	12	-0.03	0.026	38	-0.083	0.037	8	-0.058	0.05	31	2	-
HIP51459	F Dwarf (V)	HD90839_NAR_1	HIP51459_NARVAL_1	HD90839	-	NARVAL	825	42000	68000	6259	56	4.4	0.02	1.38	0.02	7.06	1.6	0.0	0.005	0.038	-0.087	0.063	-0.048	0.019	-0.028	0.026	-0.059	0.023	-0.078	0.014	-0.091	0.036	-0.123	0.02	-0.091	0.019	-0.039	0.028	-0.058	0.05	0.005	0.038	36	-0.087	0.063	18	-0.048	0.019	23	-0.025	0.025	195	-0.056	0.031	20	-0.059	0.023	2	-0.078	0.014	8	-0.091	0.036	36	-0.123	0.02	8	-0.091	0.019	12	-0.03	0.026	38	-0.083	0.037	8	-0.058	0.05	31	2	-
HIP5336	G Dwarf (V)	HD6582_FIE_1	HIP5336_FIES_1	HD6582	muCas	FIES	343	42000	65000	5358	31	4.49	0.01	0.3	0.22	3.89	1.6	0.0	-0.608	0.032	-0.684	0.048	-0.75	0.027	-0.811	0.043	-0.435	0.021	-0.97	0.013	-0.812	0.041	-0.633	0.024	-0.598	0.02	-0.47	0.037	-0.617	0.023	-0.608	0.032	49	-0.684	0.048	29	-0.75	0.027	35	-0.815	0.039	284	-0.768	0.078	30	-0.435	0.021	3	-0.97	0.013	12	-0.812	0.041	48	-0.633	0.024	12	-0.598	0.02	18	-0.458	0.038	50	-0.518	0.032	12	-0.617	0.023	47	3	-
HIP5336	G Dwarf (V)	HD6582_NAR_1	HIP5336_NARVAL_1	HD6582	muCas	NARVAL	366	42000	68000	5358	31	4.49	0.01	0.3	0.22	3.89	1.6	0.0	-0.608	0.032	-0.684	0.048	-0.75	0.027	-0.811	0.043	-0.435	0.021	-0.97	0.013	-0.812	0.041	-0.633	0.024	-0.598	0.02	-0.47	0.037	-0.617	0.023	-0.608	0.032	49	-0.684	0.048	29	-0.75	0.027	35	-0.815	0.039	284	-0.768	0.078	30	-0.435	0.021	3	-0.97	0.013	12	-0.812	0.041	48	-0.633	0.024	12	-0.598	0.02	18	-0.458	0.038	50	-0.518	0.032	12	-0.617	0.023	47	3	-
HIP544	G Dwarf (V)	HD166_NAR_1	HIP544_NARVAL_1	HD166	-	NARVAL	1059	42000	68000	5378	40	4.46	0.02	1.18	0.03	3.15	1.6	0.0	0.039	0.032	-0.095	0.037	0.003	0.021	0.0	0.029	-0.056	0.018	-0.059	0.059	-0.047	0.024	-0.062	0.041	0.041	0.02	-0.064	0.03	-0.072	0.027	0.039	0.032	43	-0.095	0.037	27	0.003	0.021	39	-0.007	0.029	259	0.071	0.03	28	-0.056	0.018	3	-0.059	0.059	12	-0.047	0.024	51	-0.062	0.041	12	0.041	0.02	14	-0.077	0.03	55	-0.002	0.03	12	-0.072	0.027	45	3	-
HIP544	G Dwarf (V)	HD166_UVE_1	HIP544_UVES_1	HD166	-	UVES	1045	42000	74450	5378	40	4.46	0.02	1.18	0.03	3.15	1.6	0.0	0.039	0.032	-0.095	0.037	0.003	0.021	0.0	0.029	-0.056	0.018	-0.059	0.059	-0.047	0.024	-0.062	0.041	0.041	0.02	-0.064	0.03	-0.072	0.027	0.039	0.032	43	-0.095	0.037	27	0.003	0.021	39	-0.007	0.029	259	0.071	0.03	28	-0.056	0.018	3	-0.059	0.059	12	-0.047	0.024	51	-0.062	0.041	12	0.041	0.02	14	-0.077	0.03	55	-0.002	0.03	12	-0.072	0.027	45	3	-
HIP5445	K Giant (III)	HD6755_HER_1	HIP5445_HERMES_1	HD6755	-	HERMES	136	42000	75000	4977	27	2.77	0.03	1.19	0.05	5.17	1.6	0.0	-1.459	0.049	-1.782	0.085	-1.873	0.085	-1.616	0.068	-1.447	0.078	-2.173	0.045	-1.818	0.076	-1.551	0.053	-1.462	0.054	-1.531	0.038	-1.867	0.046	-1.459	0.049	16	-1.782	0.085	2	-1.873	0.085	6	-1.65	0.068	71	-1.373	0.07	10	-1.447	0.078	1	-2.173	0.045	3	-1.818	0.076	7	-1.551	0.053	4	-1.462	0.054	3	-1.595	0.043	15	-1.288	0.017	4	-1.867	0.046	4	1	-
HIP54539	K Giant (III)	HD96833_NAR_1	HIP54539_NARVAL_1	HD96833	-	NARVAL	1521	42000	68000	4543	6	2.12	0.05	1.46	0.02	4.41	1.6	0.0	-0.159	0.057	-0.172	0.075	-0.149	0.055	-0.161	0.059	-0.062	0.023	-0.137	0.077	-0.175	0.045	-0.177	0.104	-0.024	0.085	-0.177	0.064	-0.216	0.109	-0.159	0.057	26	-0.172	0.075	18	-0.149	0.055	22	-0.161	0.058	158	-0.153	0.062	18	-0.062	0.023	2	-0.137	0.077	7	-0.175	0.045	30	-0.177	0.104	8	-0.024	0.085	11	-0.182	0.055	26	-0.161	0.091	8	-0.216	0.109	28	2	-
HIP5458	K Giant (III)	HD6833_HER_1	HIP5458_HERMES_1	HD6833	-	HERMES	275	42000	75000	4447	42	1.83	0.02	1.46	0.02	5.15	1.6	0.0	-0.748	0.044	-0.877	0.062	-0.887	0.054	-0.752	0.046	-0.636	0.042	-1.096	0.102	-0.927	0.059	-0.735	0.051	-0.618	0.041	-0.79	0.045	-0.962	0.068	-0.748	0.044	32	-0.877	0.062	20	-0.887	0.054	26	-0.769	0.045	190	-0.574	0.056	18	-0.636	0.042	2	-1.096	0.102	7	-0.927	0.059	33	-0.735	0.051	8	-0.618	0.041	10	-0.826	0.05	39	-0.611	0.022	8	-0.962	0.068	28	2	-
HIP55219	K Bright Giant (II)	HD98262_NAR_1	HIP55219_NARVAL_1	HD98262	-	NARVAL	1674	42000	68000	4187	61	1.38	0.1	1.45	0.02	4.99	1.6	0.0	-0.164	0.062	-0.276	0.09	-0.248	0.048	-0.258	0.085	-0.076	0.023	-0.215	0.024	-0.294	0.119	-0.251	0.109	-0.168	0.083	-0.166	0.053	-0.208	0.146	-0.164	0.062	19	-0.276	0.09	16	-0.248	0.048	14	-0.253	0.085	145	-0.313	0.08	14	-0.076	0.023	2	-0.215	0.024	4	-0.294	0.119	30	-0.251	0.109	6	-0.168	0.083	8	-0.133	0.063	14	-0.224	0.035	8	-0.208	0.146	21	2	-
HIP56127	K Bright Giant (II)	HD99998_HER_1	HIP56127_HERMES_1	HD99998	-	HERMES	320	42000	80000	3852	90	0.95	0.06	1.13	0.04	5.42	1.6	0.0	-0.445	0.11	-0.467	0.123	-0.562	0.137	-0.445	0.172	-0.274	0.05	-0.502	0.101	-0.463	0.113	-0.468	0.171	-0.245	0.238	-0.401	0.131	-0.349	0.313	-0.445	0.11	10	-0.467	0.123	8	-0.562	0.137	7	-0.45	0.162	75	-0.39	0.281	7	-0.274	0.05	1	-0.502	0.101	3	-0.463	0.113	13	-0.468	0.171	3	-0.245	0.238	4	-0.354	0.127	7	-0.484	0.137	4	-0.349	0.313	10	1	-
HIP56343	K Giant (III)	HD100407_ESP_1	HIP56343_ESPADONS_1	HD100407	ksiHya	ESPADONS	562	42000	68000	5034	34	2.78	0.07	1.45	0.02	3.95	1.6	0.0	0.027	0.033	-0.021	0.06	0.032	0.041	-0.014	0.04	0.015	0.022	-0.023	0.075	-0.044	0.027	-0.08	0.04	0.017	0.038	-0.042	0.046	0.001	0.048	0.027	0.033	47	-0.021	0.06	27	0.032	0.041	34	-0.009	0.04	260	-0.061	0.039	29	0.015	0.022	3	-0.023	0.075	15	-0.044	0.027	49	-0.08	0.04	12	0.017	0.038	14	-0.043	0.043	50	-0.039	0.06	11	0.001	0.048	44	3	-
HIP56343	K Giant (III)	HD100407_HAR_1	HIP56343_HARPS_1	HD100407	ksiHya	HARPS	1011	42000	115000	5034	34	2.78	0.07	1.45	0.02	3.95	1.6	0.0	0.027	0.033	-0.021	0.06	0.032	0.041	-0.014	0.04	0.015	0.022	-0.023	0.075	-0.044	0.027	-0.08	0.04	0.017	0.038	-0.042	0.046	0.001	0.048	0.027	0.033	47	-0.021	0.06	27	0.032	0.041	34	-0.009	0.04	260	-0.061	0.039	29	0.015	0.022	3	-0.023	0.075	15	-0.044	0.027	49	-0.08	0.04	12	0.017	0.038	14	-0.043	0.043	50	-0.039	0.06	11	0.001	0.048	44	3	-
HIP56343	K Giant (III)	HD100407_UVE_1	HIP56343_UVES_1	HD100407	ksiHya	UVES	294	42000	46523	5034	34	2.78	0.07	1.45	0.02	3.95	1.6	0.0	0.027	0.033	-0.021	0.06	0.032	0.041	-0.014	0.04	0.015	0.022	-0.023	0.075	-0.044	0.027	-0.08	0.04	0.017	0.038	-0.042	0.046	0.001	0.048	0.027	0.033	47	-0.021	0.06	27	0.032	0.041	34	-0.009	0.04	260	-0.061	0.039	29	0.015	0.022	3	-0.023	0.075	15	-0.044	0.027	49	-0.08	0.04	12	0.017	0.038	14	-0.043	0.043	50	-0.039	0.06	11	0.001	0.048	44	3	-
HIP56997	G Dwarf (V)	HD101501_ESP_1	HIP56997_ESPADONS_1	HD101501	-	ESPADONS	896	42000	68000	5310	28	4.42	0.01	0.92	0.02	3.25	1.6	0.0	-0.161	0.043	-0.265	0.042	-0.195	0.026	-0.157	0.033	-0.22	0.019	-0.273	0.078	-0.2	0.033	-0.169	0.026	-0.075	0.027	-0.235	0.038	-0.294	0.027	-0.161	0.043	34	-0.265	0.042	18	-0.195	0.026	26	-0.171	0.033	190	-0.018	0.036	20	-0.22	0.019	2	-0.273	0.078	8	-0.2	0.033	35	-0.169	0.026	8	-0.075	0.027	12	-0.26	0.037	39	-0.112	0.042	8	-0.294	0.027	30	2	-
HIP56997	G Dwarf (V)	HD101501_NAR_1	HIP56997_NARVAL_1	HD101501	-	NARVAL	1014	42000	68000	5310	28	4.42	0.01	0.92	0.02	3.25	1.6	0.0	-0.161	0.043	-0.265	0.042	-0.195	0.026	-0.157	0.033	-0.22	0.019	-0.273	0.078	-0.2	0.033	-0.169	0.026	-0.075	0.027	-0.235	0.038	-0.294	0.027	-0.161	0.043	34	-0.265	0.042	18	-0.195	0.026	26	-0.171	0.033	190	-0.018	0.036	20	-0.22	0.019	2	-0.273	0.078	8	-0.2	0.033	35	-0.169	0.026	8	-0.075	0.027	12	-0.26	0.037	39	-0.112	0.042	8	-0.294	0.027	30	2	-
HIP57360	F Dwarf (V)	HD102200_HAR_1	HIP57360_HARPS_1	HD102200	HD102200	HARPS	188	42000	115000	6205	45	4.27	0.02	1.42	0.08	7.64	1.6	0.0	-0.932	0.047	-1.059	0.202	-1.253	0.064	-1.143	0.051	-0.873	0.045	-1.429	0.011	-1.182	0.072	-1.15	0.04	-1.03	0.049	-0.872	0.04	-0.743	0.086	-0.932	0.047	32	-1.059	0.202	2	-1.253	0.064	10	-1.146	0.054	133	-1.118	0.032	18	-0.873	0.045	2	-1.429	0.011	4	-1.182	0.072	17	-1.15	0.04	7	-1.03	0.049	7	-0.855	0.037	23	-0.919	0.049	8	-0.743	0.086	5	2	Indirect theta
HIP57360	F Dwarf (V)	HD102200_UVE_1	HIP57360_UVES_1	HD102200	HD102200	UVES	274	42000	53348	6205	45	4.27	0.02	1.42	0.08	7.64	1.6	0.0	-0.932	0.047	-1.059	0.202	-1.253	0.064	-1.143	0.051	-0.873	0.045	-1.429	0.011	-1.182	0.072	-1.15	0.04	-1.03	0.049	-0.872	0.04	-0.743	0.086	-0.932	0.047	32	-1.059	0.202	2	-1.253	0.064	10	-1.146	0.054	133	-1.118	0.032	18	-0.873	0.045	2	-1.429	0.011	4	-1.182	0.072	17	-1.15	0.04	7	-1.03	0.049	7	-0.855	0.037	23	-0.919	0.049	8	-0.743	0.086	5	2	Indirect theta
HIP57477	K Giant (III)	HD102328_FIE_1	HIP57477_FIES_1	HD102328	-	FIES	500	42000	65000	4450	31	2.37	0.08	1.3	0.02	3.8	1.6	0.0	0.23	0.068	0.315	0.1	0.25	0.055	0.196	0.103	0.36	0.031	0.317	0.029	0.291	0.093	0.035	0.084	0.438	0.168	0.288	0.077	0.329	0.159	0.23	0.068	18	0.315	0.1	15	0.25	0.055	14	0.203	0.106	140	0.142	0.084	17	0.36	0.031	2	0.317	0.029	2	0.291	0.093	30	0.035	0.084	6	0.438	0.168	10	0.308	0.051	14	0.253	0.123	8	0.329	0.159	21	2	-
HIP57477	K Giant (III)	HD102328_HER_1	HIP57477_HERMES_1	HD102328	-	HERMES	170	42000	75000	4450	31	2.37	0.08	1.3	0.02	3.8	1.6	0.0	0.23	0.068	0.315	0.1	0.25	0.055	0.196	0.103	0.36	0.031	0.317	0.029	0.291	0.093	0.035	0.084	0.438	0.168	0.288	0.077	0.329	0.159	0.23	0.068	18	0.315	0.1	15	0.25	0.055	14	0.203	0.106	140	0.142	0.084	17	0.36	0.031	2	0.317	0.029	2	0.291	0.093	30	0.035	0.084	6	0.438	0.168	10	0.308	0.051	14	0.253	0.123	8	0.329	0.159	21	2	-
HIP57757	F Dwarf (V)	HD102870_ESP_1	HIP57757_ESPADONS_1	HD102870	betVir	ESPADONS	500	42000	68000	6093	13	4.08	0.02	1.45	0.03	5.79	1.6	0.0	0.146	0.023	0.094	0.025	0.093	0.015	0.126	0.018	0.107	0.014	0.107	0.021	0.125	0.013	0.153	0.01	0.125	0.02	0.099	0.017	0.077	0.02	0.146	0.023	104	0.094	0.025	57	0.093	0.015	63	0.122	0.019	561	0.168	0.011	59	0.107	0.014	6	0.107	0.021	23	0.125	0.013	101	0.153	0.01	23	0.125	0.02	34	0.09	0.018	104	0.141	0.012	23	0.077	0.02	80	6	-
HIP57757	F Dwarf (V)	HD102870_FER_1	HIP57757_FEROS_1	HD102870	betVir	FEROS	762	42000	48000	6093	13	4.08	0.02	1.45	0.03	5.79	1.6	0.0	0.146	0.023	0.094	0.025	0.093	0.015	0.126	0.018	0.107	0.014	0.107	0.021	0.125	0.013	0.153	0.01	0.125	0.02	0.099	0.017	0.077	0.02	0.146	0.023	104	0.094	0.025	57	0.093	0.015	63	0.122	0.019	561	0.168	0.011	59	0.107	0.014	6	0.107	0.021	23	0.125	0.013	101	0.153	0.01	23	0.125	0.02	34	0.09	0.018	104	0.141	0.012	23	0.077	0.02	80	6	-
HIP57757	F Dwarf (V)	HD102870_HAR_1	HIP57757_HARPS_1	HD102870	betVir	HARPS	1002	42000	115000	6093	13	4.08	0.02	1.45	0.03	5.79	1.6	0.0	0.146	0.023	0.094	0.025	0.093	0.015	0.126	0.018	0.107	0.014	0.107	0.021	0.125	0.013	0.153	0.01	0.125	0.02	0.099	0.017	0.077	0.02	0.146	0.023	104	0.094	0.025	57	0.093	0.015	63	0.122	0.019	561	0.168	0.011	59	0.107	0.014	6	0.107	0.021	23	0.125	0.013	101	0.153	0.01	23	0.125	0.02	34	0.09	0.018	104	0.141	0.012	23	0.077	0.02	80	6	-
HIP57757	F Dwarf (V)	HD102870_NAR_1	HIP57757_NARVAL_1	HD102870	betVir	NARVAL	1881	42000	68000	6093	13	4.08	0.02	1.45	0.03	5.79	1.6	0.0	0.146	0.023	0.094	0.025	0.093	0.015	0.126	0.018	0.107	0.014	0.107	0.021	0.125	0.013	0.153	0.01	0.125	0.02	0.099	0.017	0.077	0.02	0.146	0.023	104	0.094	0.025	57	0.093	0.015	63	0.122	0.019	561	0.168	0.011	59	0.107	0.014	6	0.107	0.021	23	0.125	0.013	101	0.153	0.01	23	0.125	0.02	34	0.09	0.018	104	0.141	0.012	23	0.077	0.02	80	6	-
HIP57757	F Dwarf (V)	HD102870_UVE_1	HIP57757_UVES_1	HD102870	betVir	UVES	235	42000	47000	6093	13	4.08	0.02	1.45	0.03	5.79	1.6	0.0	0.146	0.023	0.094	0.025	0.093	0.015	0.126	0.018	0.107	0.014	0.107	0.021	0.125	0.013	0.153	0.01	0.125	0.02	0.099	0.017	0.077	0.02	0.146	0.023	104	0.094	0.025	57	0.093	0.015	63	0.122	0.019	561	0.168	0.011	59	0.107	0.014	6	0.107	0.021	23	0.125	0.013	101	0.153	0.01	23	0.125	0.02	34	0.09	0.018	104	0.141	0.012	23	0.077	0.02	80	6	-
HIP57939	G Dwarf (V)	HD103095_ELO_1	HIP57939_ELODIE_1	HD103095	Gmb1830	ELODIE	359	42000	45000	5235	18	4.72	0.01	0.62	0.07	4.1	1.6	0.0	-0.978	0.044	-1.138	0.084	-1.113	0.045	-1.204	0.064	-0.954	0.02	-1.358	0.056	-1.321	0.088	-1.203	0.066	-1.185	0.045	-0.839	0.087	-0.921	0.04	-0.978	0.044	30	-1.138	0.084	17	-1.113	0.045	22	-1.201	0.061	182	-1.24	0.108	16	-0.954	0.02	2	-1.358	0.056	7	-1.321	0.088	29	-1.203	0.066	8	-1.185	0.045	10	-0.791	0.09	31	-1.024	0.078	8	-0.921	0.04	29	2	-
HIP57939	G Dwarf (V)	HD103095_NAR_1	HIP57939_NARVAL_1	HD103095	Gmb1830	NARVAL	674	42000	68000	5235	18	4.72	0.01	0.62	0.07	4.1	1.6	0.0	-0.978	0.044	-1.138	0.084	-1.113	0.045	-1.204	0.064	-0.954	0.02	-1.358	0.056	-1.321	0.088	-1.203	0.066	-1.185	0.045	-0.839	0.087	-0.921	0.04	-0.978	0.044	30	-1.138	0.084	17	-1.113	0.045	22	-1.201	0.061	182	-1.24	0.108	16	-0.954	0.02	2	-1.358	0.056	7	-1.321	0.088	29	-1.203	0.066	8	-1.185	0.045	10	-0.791	0.09	31	-1.024	0.078	8	-0.921	0.04	29	2	-
HIP59490	F Dwarf (V)	HD106038_UVE_1	HIP59490_UVES_1	HD106038	HD106038	UVES	344	42000	66320	6172	42	4.28	0.02	1.21	0.06	7.46	1.6	0.0	-0.983	0.077	-0.95	0.287	-1.259	0.121	-1.238	0.092	-0.738	0.046	-1.544	0.101	-1.1	0.093	-1.179	0.04	-0.678	0.088	-0.884	0.115	-0.749	0.336	-0.983	0.077	17	-0.95	0.287	4	-1.259	0.121	8	-1.236	0.091	67	-1.256	0.1	10	-0.738	0.046	1	-1.544	0.101	2	-1.1	0.093	12	-1.179	0.04	4	-0.678	0.088	4	-0.893	0.073	13	-0.854	0.251	4	-0.749	0.336	4	1	Indirect theta
HIP60172	K Giant (III)	HD107328_HAR_1	HIP60172_HARPS_1	HD107328	HD107328	HARPS	321	42000	115000	4576	87	1.77	0.22	1.42	0.03	4.9	1.6	0.0	-0.13	0.038	-0.161	0.075	-0.288	0.084	-0.361	0.055	0.209	0.022	-0.39	0.019	-0.345	0.067	-0.352	0.099	-0.248	0.026	0.0	0.074	-0.001	0.079	-0.13	0.038	57	-0.161	0.075	34	-0.288	0.084	37	-0.336	0.054	337	-0.583	0.056	37	0.209	0.022	4	-0.39	0.019	14	-0.345	0.067	60	-0.352	0.099	16	-0.248	0.026	19	0.069	0.09	47	-0.215	0.024	15	-0.001	0.079	50	4	Indirect theta
HIP60172	K Giant (III)	HD107328_NAR_1	HIP60172_NARVAL_1	HD107328	HD107328	NARVAL	540	42000	68000	4576	87	1.77	0.22	1.42	0.03	4.9	1.6	0.0	-0.13	0.038	-0.161	0.075	-0.288	0.084	-0.361	0.055	0.209	0.022	-0.39	0.019	-0.345	0.067	-0.352	0.099	-0.248	0.026	0.0	0.074	-0.001	0.079	-0.13	0.038	57	-0.161	0.075	34	-0.288	0.084	37	-0.336	0.054	337	-0.583	0.056	37	0.209	0.022	4	-0.39	0.019	14	-0.345	0.067	60	-0.352	0.099	16	-0.248	0.026	19	0.069	0.09	47	-0.215	0.024	15	-0.001	0.079	50	4	Indirect theta
HIP60172	K Giant (III)	HD107328_UVE_1	HIP60172_UVES_1	HD107328	HD107328	UVES	436	42000	45000	4576	87	1.77	0.22	1.42	0.03	4.9	1.6	0.0	-0.13	0.038	-0.161	0.075	-0.288	0.084	-0.361	0.055	0.209	0.022	-0.39	0.019	-0.345	0.067	-0.352	0.099	-0.248	0.026	0.0	0.074	-0.001	0.079	-0.13	0.038	57	-0.161	0.075	34	-0.288	0.084	37	-0.336	0.054	337	-0.583	0.056	37	0.209	0.022	4	-0.39	0.019	14	-0.345	0.067	60	-0.352	0.099	16	-0.248	0.026	19	0.069	0.09	47	-0.215	0.024	15	-0.001	0.079	50	4	Indirect theta
HIP61317	F Dwarf (V)	HD109358_NAR_1	HIP61317_NARVAL_1	HD109358	-	NARVAL	209	42000	68000	6013	91	4.41	0.04	1.18	0.03	5.52	1.6	0.0	-0.098	0.035	-0.108	0.062	-0.142	0.027	-0.133	0.029	-0.085	0.024	-0.157	0.017	-0.15	0.034	-0.161	0.031	-0.175	0.022	-0.096	0.031	-0.086	0.031	-0.098	0.035	35	-0.108	0.062	19	-0.142	0.027	25	-0.125	0.028	194	-0.206	0.036	20	-0.085	0.024	2	-0.157	0.017	9	-0.15	0.034	36	-0.161	0.031	8	-0.175	0.022	12	-0.08	0.032	37	-0.172	0.028	8	-0.086	0.031	27	2	-
HIP63584	F Dwarf (V)	HD113337_FIE_1	HIP63584_FIES_1	HD113337	-	FIES	439	42000	65000	6783	79	4.24	0.03	1.88	0.04	11.82	1.6	0.0	0.2	0.052	0.1	0.055	0.133	0.037	0.159	0.035	0.115	0.035	0.131	0.027	0.124	0.031	0.072	0.029	0.132	0.043	0.159	0.038	0.145	0.073	0.2	0.052	36	0.1	0.055	8	0.133	0.037	24	0.158	0.037	172	0.17	0.025	20	0.115	0.035	2	0.131	0.027	6	0.124	0.031	31	0.072	0.029	7	0.132	0.043	10	0.166	0.038	33	0.12	0.041	6	0.145	0.073	20	2	-
HIP63584	F Dwarf (V)	HD113337_HER_1	HIP63584_HERMES_1	HD113337	-	HERMES	202	42000	75000	6783	79	4.24	0.03	1.88	0.04	11.82	1.6	0.0	0.2	0.052	0.1	0.055	0.133	0.037	0.159	0.035	0.115	0.035	0.131	0.027	0.124	0.031	0.072	0.029	0.132	0.043	0.159	0.038	0.145	0.073	0.2	0.052	36	0.1	0.055	8	0.133	0.037	24	0.158	0.037	172	0.17	0.025	20	0.115	0.035	2	0.131	0.027	6	0.124	0.031	31	0.072	0.029	7	0.132	0.043	10	0.166	0.038	33	0.12	0.041	6	0.145	0.073	20	2	-
HIP63608	K Giant (III)	HD113226_ESP_1	HIP63608_ESPADONS_1	HD113226	epsVir	ESPADONS	500	42000	68000	4950	10	2.72	0.02	1.52	0.02	3.98	1.6	0.0	-0.03	0.024	-0.055	0.038	-0.058	0.035	-0.027	0.031	-0.008	0.017	-0.092	0.059	-0.049	0.028	0.007	0.031	0.11	0.026	-0.104	0.041	-0.136	0.034	-0.03	0.024	78	-0.055	0.038	46	-0.058	0.035	59	-0.04	0.031	432	0.081	0.029	49	-0.008	0.017	5	-0.092	0.059	25	-0.049	0.028	85	0.007	0.031	20	0.11	0.026	24	-0.136	0.04	88	0.043	0.048	19	-0.136	0.034	72	5	-
HIP63608	K Giant (III)	HD113226_HAR_1	HIP63608_HARPS_1	HD113226	epsVir	HARPS	780	42000	115000	4950	10	2.72	0.02	1.52	0.02	3.98	1.6	0.0	-0.03	0.024	-0.055	0.038	-0.058	0.035	-0.027	0.031	-0.008	0.017	-0.092	0.059	-0.049	0.028	0.007	0.031	0.11	0.026	-0.104	0.041	-0.136	0.034	-0.03	0.024	78	-0.055	0.038	46	-0.058	0.035	59	-0.04	0.031	432	0.081	0.029	49	-0.008	0.017	5	-0.092	0.059	25	-0.049	0.028	85	0.007	0.031	20	0.11	0.026	24	-0.136	0.04	88	0.043	0.048	19	-0.136	0.034	72	5	-
HIP63608	K Giant (III)	HD113226_NAR_1	HIP63608_NARVAL_1	HD113226	epsVir	NARVAL	1571	42000	68000	4950	10	2.72	0.02	1.52	0.02	3.98	1.6	0.0	-0.03	0.024	-0.055	0.038	-0.058	0.035	-0.027	0.031	-0.008	0.017	-0.092	0.059	-0.049	0.028	0.007	0.031	0.11	0.026	-0.104	0.041	-0.136	0.034	-0.03	0.024	78	-0.055	0.038	46	-0.058	0.035	59	-0.04	0.031	432	0.081	0.029	49	-0.008	0.017	5	-0.092	0.059	25	-0.049	0.028	85	0.007	0.031	20	0.11	0.026	24	-0.136	0.04	88	0.043	0.048	19	-0.136	0.034	72	5	-
HIP63608	K Giant (III)	HD113226_UVE_1	HIP63608_UVES_1	HD113226	epsVir	UVES	183	42000	52962	4950	10	2.72	0.02	1.52	0.02	3.98	1.6	0.0	-0.03	0.024	-0.055	0.038	-0.058	0.035	-0.027	0.031	-0.008	0.017	-0.092	0.059	-0.049	0.028	0.007	0.031	0.11	0.026	-0.104	0.041	-0.136	0.034	-0.03	0.024	78	-0.055	0.038	46	-0.058	0.035	59	-0.04	0.031	432	0.081	0.029	49	-0.008	0.017	5	-0.092	0.059	25	-0.049	0.028	85	0.007	0.031	20	0.11	0.026	24	-0.136	0.04	88	0.043	0.048	19	-0.136	0.034	72	5	-
HIP64394	G Dwarf (V)	HD114710_ESP_1	HIP64394_ESPADONS_1	HD114710	-	ESPADONS	1054	42000	68000	5930	30	4.37	0.01	1.2	0.02	4.93	1.6	0.0	0.011	0.021	-0.103	0.026	-0.031	0.016	-0.004	0.021	-0.059	0.015	-0.084	0.033	-0.061	0.016	-0.03	0.011	-0.003	0.019	-0.053	0.017	-0.094	0.033	0.011	0.021	71	-0.103	0.026	36	-0.031	0.016	46	-0.012	0.021	378	0.075	0.018	40	-0.059	0.015	4	-0.084	0.033	13	-0.061	0.016	66	-0.03	0.011	16	-0.003	0.019	21	-0.068	0.019	71	0.013	0.009	16	-0.094	0.033	57	4	-
HIP64394	G Dwarf (V)	HD114710_NAR_1	HIP64394_NARVAL_1	HD114710	-	NARVAL	1542	42000	68000	5930	30	4.37	0.01	1.2	0.02	4.93	1.6	0.0	0.011	0.021	-0.103	0.026	-0.031	0.016	-0.004	0.021	-0.059	0.015	-0.084	0.033	-0.061	0.016	-0.03	0.011	-0.003	0.019	-0.053	0.017	-0.094	0.033	0.011	0.021	71	-0.103	0.026	36	-0.031	0.016	46	-0.012	0.021	378	0.075	0.018	40	-0.059	0.015	4	-0.084	0.033	13	-0.061	0.016	66	-0.03	0.011	16	-0.003	0.019	21	-0.068	0.019	71	0.013	0.009	16	-0.094	0.033	57	4	-
HIP64394	G Dwarf (V)	HD114710_UVE_1	HIP64394_UVES_1	HD114710	-	UVES	231	42000	45990	5930	30	4.37	0.01	1.2	0.02	4.93	1.6	0.0	0.011	0.021	-0.103	0.026	-0.031	0.016	-0.004	0.021	-0.059	0.015	-0.084	0.033	-0.061	0.016	-0.03	0.011	-0.003	0.019	-0.053	0.017	-0.094	0.033	0.011	0.021	71	-0.103	0.026	36	-0.031	0.016	46	-0.012	0.021	378	0.075	0.018	40	-0.059	0.015	4	-0.084	0.033	13	-0.061	0.016	66	-0.03	0.011	16	-0.003	0.019	21	-0.068	0.019	71	0.013	0.009	16	-0.094	0.033	57	4	-
HIP65721	G Subgiant (IV)	HD117176_ESP_1	HIP65721_ESPADONS_1	HD117176	-	ESPADONS	500	42000	68000	5473	22	3.94	0.08	1.11	0.01	3.55	1.6	0.0	-0.07	0.029	-0.11	0.037	-0.125	0.017	-0.116	0.023	-0.06	0.018	-0.19	0.023	-0.138	0.017	-0.02	0.017	-0.067	0.021	-0.068	0.019	-0.117	0.023	-0.07	0.029	52	-0.11	0.037	28	-0.125	0.017	39	-0.12	0.022	292	-0.079	0.024	30	-0.06	0.018	3	-0.19	0.023	15	-0.138	0.017	54	-0.02	0.017	12	-0.067	0.021	18	-0.075	0.018	53	-0.036	0.021	12	-0.117	0.023	43	3	-
HIP65721	G Subgiant (IV)	HD117176_NAR_1	HIP65721_NARVAL_1	HD117176	-	NARVAL	1119	42000	68000	5473	22	3.94	0.08	1.11	0.01	3.55	1.6	0.0	-0.07	0.029	-0.11	0.037	-0.125	0.017	-0.116	0.023	-0.06	0.018	-0.19	0.023	-0.138	0.017	-0.02	0.017	-0.067	0.021	-0.068	0.019	-0.117	0.023	-0.07	0.029	52	-0.11	0.037	28	-0.125	0.017	39	-0.12	0.022	292	-0.079	0.024	30	-0.06	0.018	3	-0.19	0.023	15	-0.138	0.017	54	-0.02	0.017	12	-0.067	0.021	18	-0.075	0.018	53	-0.036	0.021	12	-0.117	0.023	43	3	-
HIP6592	K Giant (III)	HD8651_HAR_1	HIP6592_HARPS_1	HD8651	-	HARPS	192	42000	115000	4685	43	2.39	0.08	1.41	0.03	4.38	1.6	0.0	-0.243	0.048	-0.145	0.106	-0.29	0.035	-0.27	0.05	0.047	0.046	-0.382	0.061	-0.262	0.038	-0.235	0.075	-0.08	0.044	-0.159	0.035	-0.243	0.074	-0.243	0.048	32	-0.145	0.106	20	-0.29	0.035	22	-0.272	0.048	172	-0.255	0.069	17	0.047	0.046	2	-0.382	0.061	10	-0.262	0.038	28	-0.235	0.075	8	-0.08	0.044	9	-0.168	0.033	33	-0.125	0.047	8	-0.243	0.074	31	2	-
HIP6592	K Giant (III)	HD8651_UVE_1	HIP6592_UVES_1	HD8651	-	UVES	152	42000	107200	4685	43	2.39	0.08	1.41	0.03	4.38	1.6	0.0	-0.243	0.048	-0.145	0.106	-0.29	0.035	-0.27	0.05	0.047	0.046	-0.382	0.061	-0.262	0.038	-0.235	0.075	-0.08	0.044	-0.159	0.035	-0.243	0.074	-0.243	0.048	32	-0.145	0.106	20	-0.29	0.035	22	-0.272	0.048	172	-0.255	0.069	17	0.047	0.046	2	-0.382	0.061	10	-0.262	0.038	28	-0.235	0.075	8	-0.08	0.044	9	-0.168	0.033	33	-0.125	0.047	8	-0.243	0.074	31	2	-
HIP671	K Giant (III)	HD360_HAR_1	HIP671_HARPS_1	HD360	-	HARPS	171	42000	115000	4679	79	2.32	0.11	1.42	0.02	4.42	1.6	0.0	-0.247	0.043	-0.219	0.083	-0.308	0.038	-0.264	0.045	-0.105	0.042	-0.358	0.084	-0.281	0.033	-0.191	0.055	-0.066	0.057	-0.274	0.054	-0.339	0.076	-0.247	0.043	33	-0.219	0.083	20	-0.308	0.038	23	-0.271	0.045	180	-0.198	0.039	18	-0.105	0.042	2	-0.358	0.084	10	-0.281	0.033	34	-0.191	0.055	8	-0.066	0.057	12	-0.295	0.055	34	-0.187	0.051	8	-0.339	0.076	30	2	-
HIP671	K Giant (III)	HD360_HER_1	HIP671_HERMES_1	HD360	-	HERMES	214	42000	75000	4679	79	2.32	0.11	1.42	0.02	4.42	1.6	0.0	-0.247	0.043	-0.219	0.083	-0.308	0.038	-0.264	0.045	-0.105	0.042	-0.358	0.084	-0.281	0.033	-0.191	0.055	-0.066	0.057	-0.274	0.054	-0.339	0.076	-0.247	0.043	33	-0.219	0.083	20	-0.308	0.038	23	-0.271	0.045	180	-0.198	0.039	18	-0.105	0.042	2	-0.358	0.084	10	-0.281	0.033	34	-0.191	0.055	8	-0.066	0.057	12	-0.295	0.055	34	-0.187	0.051	8	-0.339	0.076	30	2	-
HIP67459	K Bright Giant (II)	HD120477_HER_1	HIP67459_HERMES_1	HD120477	-	HERMES	174	42000	75000	3950	20	1.3	0.05	0.96	0.02	4.92	1.6	0.0	-0.074	0.071	-0.26	0.111	-0.143	0.138	-0.232	0.156	-0.073	0.025	-0.204	0.061	-0.168	0.116	-0.297	0.098	0.002	0.306	0.041	0.096	0.223	0.284	-0.074	0.071	20	-0.26	0.111	18	-0.143	0.138	14	-0.226	0.146	147	-0.302	0.265	14	-0.073	0.025	2	-0.204	0.061	5	-0.168	0.116	26	-0.297	0.098	6	0.002	0.306	6	0.174	0.129	14	-0.191	0.038	8	0.223	0.284	18	2	-
HIP67459	K Bright Giant (II)	HD120477_NAR_1	HIP67459_NARVAL_1	HD120477	-	NARVAL	1428	42000	68000	3950	20	1.3	0.05	0.96	0.02	4.92	1.6	0.0	-0.074	0.071	-0.26	0.111	-0.143	0.138	-0.232	0.156	-0.073	0.025	-0.204	0.061	-0.168	0.116	-0.297	0.098	0.002	0.306	0.041	0.096	0.223	0.284	-0.074	0.071	20	-0.26	0.111	18	-0.143	0.138	14	-0.226	0.146	147	-0.302	0.265	14	-0.073	0.025	2	-0.204	0.061	5	-0.168	0.116	26	-0.297	0.098	6	0.002	0.306	6	0.174	0.129	14	-0.191	0.038	8	0.223	0.284	18	2	-
HIP67927	F Subgiant (IV)	HD121370_ESP_1	HIP67927_ESPADONS_1	HD121370	etaBoo	ESPADONS	500	42000	68000	6161	18	3.82	0.05	1.64	0.03	6.12	1.6	0.0	0.332	0.038	0.357	0.032	0.327	0.031	0.319	0.042	0.327	0.018	0.36	0.013	0.391	0.036	0.327	0.036	0.345	0.086	0.3	0.042	0.338	0.036	0.332	0.038	61	0.357	0.032	23	0.327	0.031	33	0.323	0.042	294	0.286	0.036	39	0.327	0.018	4	0.36	0.013	10	0.391	0.036	63	0.327	0.036	16	0.345	0.086	24	0.301	0.047	57	0.295	0.018	11	0.338	0.036	45	4	-
HIP67927	F Subgiant (IV)	HD121370_HAR_1	HIP67927_HARPS_1	HD121370	etaBoo	HARPS	1041	42000	115000	6161	18	3.82	0.05	1.64	0.03	6.12	1.6	0.0	0.332	0.038	0.357	0.032	0.327	0.031	0.319	0.042	0.327	0.018	0.36	0.013	0.391	0.036	0.327	0.036	0.345	0.086	0.3	0.042	0.338	0.036	0.332	0.038	61	0.357	0.032	23	0.327	0.031	33	0.323	0.042	294	0.286	0.036	39	0.327	0.018	4	0.36	0.013	10	0.391	0.036	63	0.327	0.036	16	0.345	0.086	24	0.301	0.047	57	0.295	0.018	11	0.338	0.036	45	4	-
HIP67927	F Subgiant (IV)	HD121370_NAR_1	HIP67927_NARVAL_1	HD121370	etaBoo	NARVAL	1073	42000	68000	6161	18	3.82	0.05	1.64	0.03	6.12	1.6	0.0	0.332	0.038	0.357	0.032	0.327	0.031	0.319	0.042	0.327	0.018	0.36	0.013	0.391	0.036	0.327	0.036	0.345	0.086	0.3	0.042	0.338	0.036	0.332	0.038	61	0.357	0.032	23	0.327	0.031	33	0.323	0.042	294	0.286	0.036	39	0.327	0.018	4	0.36	0.013	10	0.391	0.036	63	0.327	0.036	16	0.345	0.086	24	0.301	0.047	57	0.295	0.018	11	0.338	0.036	45	4	-
HIP68594	K Bright Giant (II)	HD122563_ESP_1	HIP68594_ESPADONS_1	HD122563	HD122563	ESPADONS	608	42000	68000	4642	35	1.32	0.03	1.85	0.06	6.42	1.6	0.0	-2.458	0.038	-2.536	0.026	-2.997	0.053	-2.657	0.049	-2.252	0.055	-3.039	0.014	-2.627	0.05	-2.577	0.029	-2.387	0.023	-2.504	0.029	-2.696	0.057	-2.458	0.038	60	-2.536	0.026	8	-2.997	0.053	18	-2.678	0.053	221	-2.517	0.026	33	-2.252	0.055	4	-3.039	0.014	10	-2.627	0.05	34	-2.577	0.029	16	-2.387	0.023	11	-2.549	0.032	50	-2.353	0.019	15	-2.696	0.057	18	4	-
HIP68594	K Bright Giant (II)	HD122563_HAR_1	HIP68594_HARPS_1	HD122563	HD122563	HARPS	318	42000	115000	4642	35	1.32	0.03	1.85	0.06	6.42	1.6	0.0	-2.458	0.038	-2.536	0.026	-2.997	0.053	-2.657	0.049	-2.252	0.055	-3.039	0.014	-2.627	0.05	-2.577	0.029	-2.387	0.023	-2.504	0.029	-2.696	0.057	-2.458	0.038	60	-2.536	0.026	8	-2.997	0.053	18	-2.678	0.053	221	-2.517	0.026	33	-2.252	0.055	4	-3.039	0.014	10	-2.627	0.05	34	-2.577	0.029	16	-2.387	0.023	11	-2.549	0.032	50	-2.353	0.019	15	-2.696	0.057	18	4	-
HIP68594	K Bright Giant (II)	HD122563_NAR_1	HIP68594_NARVAL_1	HD122563	HD122563	NARVAL	651	42000	68000	4642	35	1.32	0.03	1.85	0.06	6.42	1.6	0.0	-2.458	0.038	-2.536	0.026	-2.997	0.053	-2.657	0.049	-2.252	0.055	-3.039	0.014	-2.627	0.05	-2.577	0.029	-2.387	0.023	-2.504	0.029	-2.696	0.057	-2.458	0.038	60	-2.536	0.026	8	-2.997	0.053	18	-2.678	0.053	221	-2.517	0.026	33	-2.252	0.055	4	-3.039	0.014	10	-2.627	0.05	34	-2.577	0.029	16	-2.387	0.023	11	-2.549	0.032	50	-2.353	0.019	15	-2.696	0.057	18	4	-
HIP68594	K Bright Giant (II)	HD122563_UVE_1	HIP68594_UVES_1	HD122563	HD122563	UVES	148	42000	47632	4642	35	1.32	0.03	1.85	0.06	6.42	1.6	0.0	-2.458	0.038	-2.536	0.026	-2.997	0.053	-2.657	0.049	-2.252	0.055	-3.039	0.014	-2.627	0.05	-2.577	0.029	-2.387	0.023	-2.504	0.029	-2.696	0.057	-2.458	0.038	60	-2.536	0.026	8	-2.997	0.053	18	-2.678	0.053	221	-2.517	0.026	33	-2.252	0.055	4	-3.039	0.014	10	-2.627	0.05	34	-2.577	0.029	16	-2.387	0.023	11	-2.549	0.032	50	-2.353	0.019	15	-2.696	0.057	18	4	-
HIP69673	K Giant (III)	HD124897_ELO_1	HIP69673_ELODIE_1	HD124897	Arcturus	ELODIE	902	42000	45000	4277	23	1.58	0.07	1.43	0.01	5.12	1.6	0.0	-0.416	0.031	-0.386	0.047	-0.617	0.03	-0.547	0.042	-0.035	0.014	-0.72	0.013	-0.545	0.046	-0.314	0.091	-0.273	0.021	-0.256	0.055	-0.445	0.072	-0.416	0.031	65	-0.386	0.047	41	-0.617	0.03	45	-0.549	0.041	418	-0.52	0.054	38	-0.035	0.014	5	-0.72	0.013	19	-0.545	0.046	69	-0.314	0.091	20	-0.273	0.021	24	-0.229	0.07	53	-0.332	0.013	19	-0.445	0.072	57	5	-
HIP69673	K Giant (III)	HD124897_ESP_1	HIP69673_ESPADONS_1	HD124897	Arcturus	ESPADONS	500	42000	68000	4277	23	1.58	0.07	1.43	0.01	5.12	1.6	0.0	-0.416	0.031	-0.386	0.047	-0.617	0.03	-0.547	0.042	-0.035	0.014	-0.72	0.013	-0.545	0.046	-0.314	0.091	-0.273	0.021	-0.256	0.055	-0.445	0.072	-0.416	0.031	65	-0.386	0.047	41	-0.617	0.03	45	-0.549	0.041	418	-0.52	0.054	38	-0.035	0.014	5	-0.72	0.013	19	-0.545	0.046	69	-0.314	0.091	20	-0.273	0.021	24	-0.229	0.07	53	-0.332	0.013	19	-0.445	0.072	57	5	-
HIP69673	K Giant (III)	HD124897_HAR_1	HIP69673_HARPS_1	HD124897	Arcturus	HARPS	382	42000	115000	4277	23	1.58	0.07	1.43	0.01	5.12	1.6	0.0	-0.416	0.031	-0.386	0.047	-0.617	0.03	-0.547	0.042	-0.035	0.014	-0.72	0.013	-0.545	0.046	-0.314	0.091	-0.273	0.021	-0.256	0.055	-0.445	0.072	-0.416	0.031	65	-0.386	0.047	41	-0.617	0.03	45	-0.549	0.041	418	-0.52	0.054	38	-0.035	0.014	5	-0.72	0.013	19	-0.545	0.046	69	-0.314	0.091	20	-0.273	0.021	24	-0.229	0.07	53	-0.332	0.013	19	-0.445	0.072	57	5	-
HIP69673	K Giant (III)	HD124897_NAR_1	HIP69673_NARVAL_1	HD124897	Arcturus	NARVAL	1498	42000	68000	4277	23	1.58	0.07	1.43	0.01	5.12	1.6	0.0	-0.416	0.031	-0.386	0.047	-0.617	0.03	-0.547	0.042	-0.035	0.014	-0.72	0.013	-0.545	0.046	-0.314	0.091	-0.273	0.021	-0.256	0.055	-0.445	0.072	-0.416	0.031	65	-0.386	0.047	41	-0.617	0.03	45	-0.549	0.041	418	-0.52	0.054	38	-0.035	0.014	5	-0.72	0.013	19	-0.545	0.046	69	-0.314	0.091	20	-0.273	0.021	24	-0.229	0.07	53	-0.332	0.013	19	-0.445	0.072	57	5	-
HIP69673	K Giant (III)	HD124897_UVE_1	HIP69673_UVES_1	HD124897	Arcturus	UVES	1007	42000	74450	4277	23	1.58	0.07	1.43	0.01	5.12	1.6	0.0	-0.416	0.031	-0.386	0.047	-0.617	0.03	-0.547	0.042	-0.035	0.014	-0.72	0.013	-0.545	0.046	-0.314	0.091	-0.273	0.021	-0.256	0.055	-0.445	0.072	-0.416	0.031	65	-0.386	0.047	41	-0.617	0.03	45	-0.549	0.041	418	-0.52	0.054	38	-0.035	0.014	5	-0.72	0.013	19	-0.545	0.046	69	-0.314	0.091	20	-0.273	0.021	24	-0.229	0.07	53	-0.332	0.013	19	-0.445	0.072	57	5	-
HIP70497	F Dwarf (V)	HD126660_NAR_1	HIP70497_NARVAL_1	HD126660	-	NARVAL	246	42000	68000	6292	20	4.06	0.02	1.7	0.08	7.39	1.6	0.0	0.068	0.06	-0.148	0.126	-0.033	0.07	-0.036	0.065	-0.096	0.099	-0.049	0.027	0.024	0.109	-0.036	0.039	0.025	0.02	-0.065	0.078	0.01	0.117	0.068	0.06	23	-0.148	0.126	8	-0.033	0.07	11	-0.034	0.067	119	-0.062	0.049	12	-0.096	0.099	1	-0.049	0.027	10	0.024	0.109	18	-0.036	0.039	8	0.025	0.02	8	-0.066	0.091	16	-0.063	0.027	4	0.01	0.117	10	2	-
HIP70791	K Giant (III)	HD127243_HER_1	HIP70791_HERMES_1	HD127243	-	HERMES	252	42000	75000	5015	23	2.5	0.02	1.4	0.03	4.7	1.6	0.0	-0.408	0.055	-0.476	0.059	-0.673	0.054	-0.608	0.042	-0.142	0.043	-0.878	0.02	-0.623	0.037	-0.366	0.017	-0.374	0.018	-0.327	0.046	-0.533	0.03	-0.408	0.055	36	-0.476	0.059	19	-0.673	0.054	22	-0.61	0.042	188	-0.584	0.041	19	-0.142	0.043	2	-0.878	0.02	8	-0.623	0.037	32	-0.366	0.017	8	-0.374	0.018	10	-0.342	0.052	36	-0.261	0.018	8	-0.533	0.03	29	2	-
HIP7083	K Giant (III)	HD9362_HAR_1	HIP7083_HARPS_1	HD9362	-	HARPS	427	42000	115000	4750	28	2.4	0.05	1.45	0.02	4.51	1.6	0.0	-0.377	0.042	-0.328	0.067	-0.454	0.027	-0.396	0.043	-0.177	0.035	-0.503	0.068	-0.39	0.031	-0.267	0.046	-0.208	0.047	-0.363	0.033	-0.438	0.05	-0.377	0.042	34	-0.328	0.067	19	-0.454	0.027	23	-0.405	0.043	180	-0.31	0.045	19	-0.177	0.035	2	-0.503	0.068	10	-0.39	0.031	34	-0.267	0.046	8	-0.208	0.047	10	-0.388	0.033	33	-0.246	0.03	7	-0.438	0.05	29	2	-
HIP7083	K Giant (III)	HD9362_UVE_1	HIP7083_UVES_1	HD9362	-	UVES	162	42000	107200	4750	28	2.4	0.05	1.45	0.02	4.51	1.6	0.0	-0.377	0.042	-0.328	0.067	-0.454	0.027	-0.396	0.043	-0.177	0.035	-0.503	0.068	-0.39	0.031	-0.267	0.046	-0.208	0.047	-0.363	0.033	-0.438	0.05	-0.377	0.042	34	-0.328	0.067	19	-0.454	0.027	23	-0.405	0.043	180	-0.31	0.045	19	-0.177	0.035	2	-0.503	0.068	10	-0.39	0.031	34	-0.267	0.046	8	-0.208	0.047	10	-0.388	0.033	33	-0.246	0.03	7	-0.438	0.05	29	2	-
HIP71053	K Giant (III)	HD127665_NAR_1	HIP71053_NARVAL_1	HD127665	-	NARVAL	1422	42000	68000	4181	56	1.8	0.05	1.36	0.02	4.52	1.6	0.0	-0.249	0.053	-0.148	0.069	-0.261	0.049	-0.166	0.078	0.028	0.023	-0.215	0.037	-0.186	0.087	-0.196	0.087	0.056	0.101	-0.184	0.075	-0.313	0.136	-0.249	0.053	21	-0.148	0.069	16	-0.261	0.049	17	-0.18	0.078	150	-0.028	0.081	16	0.028	0.023	2	-0.215	0.037	4	-0.186	0.087	30	-0.196	0.087	7	0.056	0.101	8	-0.188	0.092	18	-0.176	0.038	8	-0.313	0.136	21	2	-
HIP71681	G Dwarf (V)	HD128621_HAR_1	HIP71681_HARPS_1	HD128621	alfCenB	HARPS	469	42000	115000	5207	12	4.53	0.01	0.96	0.02	2.8	1.6	0.0	0.222	0.052	0.279	0.083	0.258	0.041	0.213	0.061	0.231	0.035	0.306	0.051	0.238	0.036	0.229	0.104	0.266	0.076	0.262	0.073	0.333	0.106	0.222	0.052	13	0.279	0.083	9	0.258	0.041	10	0.214	0.054	84	0.203	0.126	9	0.231	0.035	1	0.306	0.051	5	0.238	0.036	17	0.229	0.104	4	0.266	0.076	5	0.268	0.068	17	0.228	0.099	3	0.333	0.106	15	1	-
HIP71683	G Dwarf (V)	HD128620_HAR_1	HIP71683_HARPS_1	HD128620	alfCenA	HARPS	668	42000	115000	5804	13	4.29	0.01	1.2	0.02	4.09	1.6	0.0	0.191	0.034	0.272	0.05	0.224	0.041	0.218	0.034	0.181	0.023	0.268	0.029	0.25	0.026	0.286	0.027	0.258	0.035	0.227	0.026	0.25	0.046	0.191	0.034	35	0.272	0.05	18	0.224	0.041	23	0.218	0.036	185	0.223	0.017	19	0.181	0.023	2	0.268	0.029	10	0.25	0.026	34	0.286	0.027	8	0.258	0.035	8	0.225	0.029	37	0.234	0.011	7	0.25	0.046	30	2	-
HIP71683	G Dwarf (V)	HD128620_UVE_1	HIP71683_UVES_1	HD128620	alfCenA	UVES	316	42000	45000	5804	13	4.29	0.01	1.2	0.02	4.09	1.6	0.0	0.191	0.034	0.272	0.05	0.224	0.041	0.218	0.034	0.181	0.023	0.268	0.029	0.25	0.026	0.286	0.027	0.258	0.035	0.227	0.026	0.25	0.046	0.191	0.034	35	0.272	0.05	18	0.224	0.041	23	0.218	0.036	185	0.223	0.017	19	0.181	0.023	2	0.268	0.029	10	0.25	0.026	34	0.286	0.027	8	0.258	0.035	8	0.225	0.029	37	0.234	0.011	7	0.25	0.046	30	2	-
HIP72567	G Dwarf (V)	HD130948_HER_1	HIP72567_HERMES_1	HD130948	-	HERMES	177	42000	75000	5812	57	4.33	0.03	1.19	0.05	4.49	1.6	0.0	-0.083	0.028	-0.264	0.042	-0.147	0.038	-0.114	0.035	-0.151	0.046	-0.225	0.06	-0.202	0.029	-0.158	0.017	-0.092	0.034	-0.183	0.035	-0.231	0.047	-0.083	0.028	35	-0.264	0.042	14	-0.147	0.038	23	-0.124	0.035	186	-0.015	0.033	18	-0.151	0.046	2	-0.225	0.06	6	-0.202	0.029	31	-0.158	0.017	8	-0.092	0.034	12	-0.202	0.039	36	-0.099	0.018	8	-0.231	0.047	27	2	-
HIP7294	K Giant (III)	HD9408_HER_1	HIP7294_HERMES_1	HD9408	-	HERMES	296	42000	75000	4774	131	2.35	0.11	1.4	0.02	4.5	1.6	0.0	-0.291	0.045	-0.259	0.071	-0.365	0.03	-0.343	0.039	-0.092	0.036	-0.439	0.059	-0.35	0.037	-0.255	0.043	-0.188	0.042	-0.267	0.033	-0.324	0.063	-0.291	0.045	33	-0.259	0.071	18	-0.365	0.03	25	-0.344	0.039	188	-0.334	0.044	20	-0.092	0.036	2	-0.439	0.059	10	-0.35	0.037	36	-0.255	0.043	8	-0.188	0.042	11	-0.27	0.036	35	-0.258	0.019	8	-0.324	0.063	28	2	-
HIP73184	K Dwarf (V)	HD131977_FER_1	HIP73184_FEROS_1	HD131977	-	FEROS	556	42000	48000	4657	70	4.6	0.02	0.72	0.05	3.69	1.6	0.0	0.048	0.044	0.042	0.056	0.073	0.074	0.034	0.109	-0.043	0.019	0.039	0.029	0.022	0.05	-0.037	0.109	0.013	0.058	0.054	0.077	0.156	0.089	0.048	0.044	16	0.042	0.056	28	0.073	0.074	24	0.01	0.079	218	0.302	0.435	20	-0.043	0.019	3	0.039	0.029	14	0.022	0.05	43	-0.037	0.109	12	0.013	0.058	14	0.086	0.089	35	-0.047	0.038	11	0.156	0.089	43	3	-
HIP73184	K Dwarf (V)	HD131977_HAR_1	HIP73184_HARPS_1	HD131977	-	HARPS	999	42000	115000	4657	70	4.6	0.02	0.72	0.05	3.69	1.6	0.0	0.048	0.044	0.042	0.056	0.073	0.074	0.034	0.109	-0.043	0.019	0.039	0.029	0.022	0.05	-0.037	0.109	0.013	0.058	0.054	0.077	0.156	0.089	0.048	0.044	16	0.042	0.056	28	0.073	0.074	24	0.01	0.079	218	0.302	0.435	20	-0.043	0.019	3	0.039	0.029	14	0.022	0.05	43	-0.037	0.109	12	0.013	0.058	14	0.086	0.089	35	-0.047	0.038	11	0.156	0.089	43	3	-
HIP73184	K Dwarf (V)	HD131977_UVE_1	HIP73184_UVES_1	HD131977	-	UVES	101	42000	66320	4657	70	4.6	0.02	0.72	0.05	3.69	1.6	0.0	0.048	0.044	0.042	0.056	0.073	0.074	0.034	0.109	-0.043	0.019	0.039	0.029	0.022	0.05	-0.037	0.109	0.013	0.058	0.054	0.077	0.156	0.089	0.048	0.044	16	0.042	0.056	28	0.073	0.074	24	0.01	0.079	218	0.302	0.435	20	-0.043	0.019	3	0.039	0.029	14	0.022	0.05	43	-0.037	0.109	12	0.013	0.058	14	0.086	0.089	35	-0.047	0.038	11	0.156	0.089	43	3	-
HIP73568	K Bright Giant (II)	HD133124_FIE_1	HIP73568_FIES_1	HD133124	-	FIES	450	42000	65000	3994	56	1.37	0.06	1.1	0.02	4.75	1.6	0.0	-0.032	0.082	-0.182	0.115	-0.09	0.108	-0.109	0.148	-0.01	0.032	-0.064	0.031	-0.133	0.091	-0.259	0.092	0.02	0.187	0.012	0.063	0.103	0.238	-0.032	0.082	17	-0.182	0.115	15	-0.09	0.108	14	-0.104	0.143	141	-0.167	0.201	14	-0.01	0.032	2	-0.064	0.031	2	-0.133	0.091	26	-0.259	0.092	6	0.02	0.187	7	0.124	0.074	11	-0.142	0.049	8	0.103	0.238	15	2	-
HIP73568	K Bright Giant (II)	HD133124_HER_1	HIP73568_HERMES_1	HD133124	-	HERMES	254	42000	75000	3994	56	1.37	0.06	1.1	0.02	4.75	1.6	0.0	-0.032	0.082	-0.182	0.115	-0.09	0.108	-0.109	0.148	-0.01	0.032	-0.064	0.031	-0.133	0.091	-0.259	0.092	0.02	0.187	0.012	0.063	0.103	0.238	-0.032	0.082	17	-0.182	0.115	15	-0.09	0.108	14	-0.104	0.143	141	-0.167	0.201	14	-0.01	0.032	2	-0.064	0.031	2	-0.133	0.091	26	-0.259	0.092	6	0.02	0.187	7	0.124	0.074	11	-0.142	0.049	8	0.103	0.238	15	2	-
HIP74666	K Giant (III)	HD135722_NAR_1	HIP74666_NARVAL_1	HD135722	-	NARVAL	1278	42000	68000	4810	30	2.38	0.09	1.38	0.02	4.54	1.6	0.0	-0.308	0.041	-0.334	0.066	-0.427	0.025	-0.396	0.037	-0.176	0.025	-0.507	0.063	-0.412	0.037	-0.248	0.037	-0.241	0.026	-0.326	0.035	-0.386	0.052	-0.308	0.041	35	-0.334	0.066	18	-0.427	0.025	26	-0.398	0.036	188	-0.373	0.044	20	-0.176	0.025	2	-0.507	0.063	10	-0.412	0.037	35	-0.248	0.037	8	-0.241	0.026	10	-0.335	0.037	38	-0.286	0.028	8	-0.386	0.052	30	2	-
HIP74793	K Giant (III)	HD136726_ESP_1	HIP74793_ESPADONS_1	HD136726	-	ESPADONS	1004	42000	68000	4253	25	1.78	0.04	1.3	0.02	4.48	1.6	0.0	-0.018	0.055	-0.07	0.093	-0.073	0.047	-0.083	0.094	0.038	0.024	-0.019	0.014	-0.082	0.071	-0.108	0.082	0.069	0.137	0.044	0.065	0.032	0.159	-0.018	0.055	20	-0.07	0.093	16	-0.073	0.047	14	-0.077	0.093	152	-0.146	0.109	15	0.038	0.024	2	-0.019	0.014	4	-0.082	0.071	27	-0.108	0.082	6	0.069	0.137	10	0.094	0.075	18	-0.069	0.044	8	0.032	0.159	22	2	-
HIP74793	K Giant (III)	HD136726_NAR_1	HIP74793_NARVAL_1	HD136726	-	NARVAL	320	42000	68000	4253	25	1.78	0.04	1.3	0.02	4.48	1.6	0.0	-0.018	0.055	-0.07	0.093	-0.073	0.047	-0.083	0.094	0.038	0.024	-0.019	0.014	-0.082	0.071	-0.108	0.082	0.069	0.137	0.044	0.065	0.032	0.159	-0.018	0.055	20	-0.07	0.093	16	-0.073	0.047	14	-0.077	0.093	152	-0.146	0.109	15	0.038	0.024	2	-0.019	0.014	4	-0.082	0.071	27	-0.108	0.082	6	0.069	0.137	10	0.094	0.075	18	-0.069	0.044	8	0.032	0.159	22	2	-
HIP74975	G Subgiant (IV)	HD136202_NAR_1	HIP74975_NARVAL_1	HD136202	-	NARVAL	1117	42000	68000	5820	99	3.87	0.04	1.35	0.03	4.72	1.6	0.0	-0.112	0.028	-0.285	0.041	-0.245	0.033	-0.162	0.031	-0.136	0.021	-0.299	0.071	-0.23	0.03	0.02	0.02	-0.064	0.039	-0.207	0.04	-0.348	0.044	-0.112	0.028	51	-0.285	0.041	28	-0.245	0.033	33	-0.188	0.032	273	0.069	0.024	30	-0.136	0.021	3	-0.299	0.071	10	-0.23	0.03	50	0.02	0.02	12	-0.064	0.039	15	-0.259	0.044	51	0.015	0.025	12	-0.348	0.044	40	3	-
HIP74975	G Subgiant (IV)	HD136202_UVE_1	HIP74975_UVES_1	HD136202	-	UVES	259	42000	74450	5820	99	3.87	0.04	1.35	0.03	4.72	1.6	0.0	-0.112	0.028	-0.285	0.041	-0.245	0.033	-0.162	0.031	-0.136	0.021	-0.299	0.071	-0.23	0.03	0.02	0.02	-0.064	0.039	-0.207	0.04	-0.348	0.044	-0.112	0.028	51	-0.285	0.041	28	-0.245	0.033	33	-0.188	0.032	273	0.069	0.024	30	-0.136	0.021	3	-0.299	0.071	10	-0.23	0.03	50	0.02	0.02	12	-0.064	0.039	15	-0.259	0.044	51	0.015	0.025	12	-0.348	0.044	40	3	-
HIP7607	K Giant (III)	HD9927_ESP_1	HIP7607_ESPADONS_1	HD9927	-	ESPADONS	500	42000	68000	4356	56	1.99	0.07	1.39	0.02	4.31	1.6	0.0	0.007	0.047	0.04	0.064	-0.004	0.043	-0.036	0.069	0.144	0.02	0.064	0.017	0.006	0.057	-0.14	0.056	0.155	0.1	0.058	0.068	0.014	0.112	0.007	0.047	31	0.04	0.064	24	-0.004	0.043	25	-0.034	0.069	222	-0.053	0.062	24	0.144	0.02	3	0.064	0.017	6	0.006	0.057	44	-0.14	0.056	9	0.155	0.1	13	0.093	0.069	26	-0.019	0.068	12	0.014	0.112	32	3	-
HIP7607	K Giant (III)	HD9927_NAR_1	HIP7607_NARVAL_1	HD9927	-	NARVAL	988	42000	68000	4356	56	1.99	0.07	1.39	0.02	4.31	1.6	0.0	0.007	0.047	0.04	0.064	-0.004	0.043	-0.036	0.069	0.144	0.02	0.064	0.017	0.006	0.057	-0.14	0.056	0.155	0.1	0.058	0.068	0.014	0.112	0.007	0.047	31	0.04	0.064	24	-0.004	0.043	25	-0.034	0.069	222	-0.053	0.062	24	0.144	0.02	3	0.064	0.017	6	0.006	0.057	44	-0.14	0.056	9	0.155	0.1	13	0.093	0.069	26	-0.019	0.068	12	0.014	0.112	32	3	-
HIP7643	K Giant (III)	HD10142_HAR_1	HIP7643_HARPS_1	HD10142	-	HARPS	134	42000	115000	4705	28	2.38	0.1	1.46	0.03	4.33	1.6	0.0	-0.214	0.047	-0.125	0.083	-0.219	0.035	-0.214	0.05	0.014	0.049	-0.233	0.063	-0.209	0.046	-0.163	0.07	-0.079	0.057	-0.171	0.045	-0.198	0.073	-0.214	0.047	33	-0.125	0.083	19	-0.219	0.035	23	-0.214	0.048	174	-0.216	0.069	19	0.014	0.049	2	-0.233	0.063	9	-0.209	0.046	35	-0.163	0.07	8	-0.079	0.057	10	-0.175	0.04	33	-0.153	0.07	8	-0.198	0.073	31	2	-
HIP7643	K Giant (III)	HD10142_UVE_1	HIP7643_UVES_1	HD10142	-	UVES	140	42000	107200	4705	28	2.38	0.1	1.46	0.03	4.33	1.6	0.0	-0.214	0.047	-0.125	0.083	-0.219	0.035	-0.214	0.05	0.014	0.049	-0.233	0.063	-0.209	0.046	-0.163	0.07	-0.079	0.057	-0.171	0.045	-0.198	0.073	-0.214	0.047	33	-0.125	0.083	19	-0.219	0.035	23	-0.214	0.048	174	-0.216	0.069	19	0.014	0.049	2	-0.233	0.063	9	-0.209	0.046	35	-0.163	0.07	8	-0.079	0.057	10	-0.175	0.04	33	-0.153	0.07	8	-0.198	0.073	31	2	-
HIP76976	G Subgiant (IV)	HD140283_ESP_1	HIP76976_ESPADONS_1	HD140283	HD140283	ESPADONS	1188	42000	68000	5788	45	3.75	0.09	1.16	0.11	5.93	1.6	0.0	-2.246	0.03	-1.323	0.587	-2.666	0.01	-2.408	0.044	-2.095	0.123	-2.565	0.446	-2.386	0.132	-2.488	0.02	-2.253	0.034	-2.149	0.025	-2.166	0.609	-2.246	0.03	47	-1.323	0.587	1	-2.666	0.01	11	-2.422	0.045	151	-2.258	0.032	14	-2.095	0.123	4	-2.565	0.446	2	-2.386	0.132	6	-2.488	0.02	8	-2.253	0.034	6	-2.142	0.023	26	-2.164	0.028	11	-2.166	0.609	1	4	-
HIP76976	G Subgiant (IV)	HD140283_HAR_1	HIP76976_HARPS_1	HD140283	HD140283	HARPS	419	42000	115000	5788	45	3.75	0.09	1.16	0.11	5.93	1.6	0.0	-2.246	0.03	-1.323	0.587	-2.666	0.01	-2.408	0.044	-2.095	0.123	-2.565	0.446	-2.386	0.132	-2.488	0.02	-2.253	0.034	-2.149	0.025	-2.166	0.609	-2.246	0.03	47	-1.323	0.587	1	-2.666	0.01	11	-2.422	0.045	151	-2.258	0.032	14	-2.095	0.123	4	-2.565	0.446	2	-2.386	0.132	6	-2.488	0.02	8	-2.253	0.034	6	-2.142	0.023	26	-2.164	0.028	11	-2.166	0.609	1	4	-
HIP76976	G Subgiant (IV)	HD140283_NAR_1	HIP76976_NARVAL_1	HD140283	HD140283	NARVAL	414	42000	68000	5788	45	3.75	0.09	1.16	0.11	5.93	1.6	0.0	-2.246	0.03	-1.323	0.587	-2.666	0.01	-2.408	0.044	-2.095	0.123	-2.565	0.446	-2.386	0.132	-2.488	0.02	-2.253	0.034	-2.149	0.025	-2.166	0.609	-2.246	0.03	47	-1.323	0.587	1	-2.666	0.01	11	-2.422	0.045	151	-2.258	0.032	14	-2.095	0.123	4	-2.565	0.446	2	-2.386	0.132	6	-2.488	0.02	8	-2.253	0.034	6	-2.142	0.023	26	-2.164	0.028	11	-2.166	0.609	1	4	-
HIP76976	G Subgiant (IV)	HD140283_UVE_1	HIP76976_UVES_1	HD140283	HD140283	UVES	415	42000	56990	5788	45	3.75	0.09	1.16	0.11	5.93	1.6	0.0	-2.246	0.03	-1.323	0.587	-2.666	0.01	-2.408	0.044	-2.095	0.123	-2.565	0.446	-2.386	0.132	-2.488	0.02	-2.253	0.034	-2.149	0.025	-2.166	0.609	-2.246	0.03	47	-1.323	0.587	1	-2.666	0.01	11	-2.422	0.045	151	-2.258	0.032	14	-2.095	0.123	4	-2.565	0.446	2	-2.386	0.132	6	-2.488	0.02	8	-2.253	0.034	6	-2.142	0.023	26	-2.164	0.028	11	-2.166	0.609	1	4	-
HIP77052	G Dwarf (V)	HD140538_ESP_1	HIP77052_ESPADONS_1	HD140538	-	ESPADONS	791	42000	68000	5667	91	4.47	0.04	1.05	0.02	3.75	1.6	0.0	0.075	0.021	-0.0	0.03	0.054	0.013	0.046	0.015	0.022	0.013	0.016	0.018	0.0	0.013	0.009	0.016	0.039	0.014	0.044	0.015	0.035	0.019	0.075	0.021	82	-0.0	0.03	45	0.054	0.013	62	0.046	0.015	485	0.042	0.015	49	0.022	0.013	5	0.016	0.018	25	0.0	0.013	90	0.009	0.016	20	0.039	0.014	30	0.048	0.016	93	0.027	0.014	19	0.035	0.019	74	5	-
HIP77052	G Dwarf (V)	HD140538_FER_1	HIP77052_FEROS_1	HD140538	-	FEROS	978	42000	48000	5667	91	4.47	0.04	1.05	0.02	3.75	1.6	0.0	0.075	0.021	-0.0	0.03	0.054	0.013	0.046	0.015	0.022	0.013	0.016	0.018	0.0	0.013	0.009	0.016	0.039	0.014	0.044	0.015	0.035	0.019	0.075	0.021	82	-0.0	0.03	45	0.054	0.013	62	0.046	0.015	485	0.042	0.015	49	0.022	0.013	5	0.016	0.018	25	0.0	0.013	90	0.009	0.016	20	0.039	0.014	30	0.048	0.016	93	0.027	0.014	19	0.035	0.019	74	5	-
HIP77052	G Dwarf (V)	HD140538_HAR_1	HIP77052_HARPS_1	HD140538	-	HARPS	1009	42000	115000	5667	91	4.47	0.04	1.05	0.02	3.75	1.6	0.0	0.075	0.021	-0.0	0.03	0.054	0.013	0.046	0.015	0.022	0.013	0.016	0.018	0.0	0.013	0.009	0.016	0.039	0.014	0.044	0.015	0.035	0.019	0.075	0.021	82	-0.0	0.03	45	0.054	0.013	62	0.046	0.015	485	0.042	0.015	49	0.022	0.013	5	0.016	0.018	25	0.0	0.013	90	0.009	0.016	20	0.039	0.014	30	0.048	0.016	93	0.027	0.014	19	0.035	0.019	74	5	-
HIP77052	G Dwarf (V)	HD140538_NAR_1	HIP77052_NARVAL_1	HD140538	-	NARVAL	584	42000	68000	5667	91	4.47	0.04	1.05	0.02	3.75	1.6	0.0	0.075	0.021	-0.0	0.03	0.054	0.013	0.046	0.015	0.022	0.013	0.016	0.018	0.0	0.013	0.009	0.016	0.039	0.014	0.044	0.015	0.035	0.019	0.075	0.021	82	-0.0	0.03	45	0.054	0.013	62	0.046	0.015	485	0.042	0.015	49	0.022	0.013	5	0.016	0.018	25	0.0	0.013	90	0.009	0.016	20	0.039	0.014	30	0.048	0.016	93	0.027	0.014	19	0.035	0.019	74	5	-
HIP78072	F Dwarf (V)	HD142860_HAR_1	HIP78072_HARPS_1	HD142860	-	HARPS	1018	42000	115000	6296	16	4.16	0.01	1.65	0.03	7.54	1.6	0.0	-0.15	0.024	-0.222	0.032	-0.233	0.036	-0.182	0.024	-0.143	0.016	-0.249	0.027	-0.211	0.021	-0.185	0.021	-0.167	0.053	-0.17	0.021	-0.185	0.036	-0.15	0.024	67	-0.222	0.032	23	-0.233	0.036	36	-0.185	0.025	333	-0.15	0.023	35	-0.143	0.016	4	-0.249	0.027	12	-0.211	0.021	64	-0.185	0.021	12	-0.167	0.053	22	-0.176	0.024	62	-0.135	0.005	11	-0.185	0.036	40	4	-
HIP78072	F Dwarf (V)	HD142860_NAR_1	HIP78072_NARVAL_1	HD142860	-	NARVAL	1602	42000	68000	6296	16	4.16	0.01	1.65	0.03	7.54	1.6	0.0	-0.15	0.024	-0.222	0.032	-0.233	0.036	-0.182	0.024	-0.143	0.016	-0.249	0.027	-0.211	0.021	-0.185	0.021	-0.167	0.053	-0.17	0.021	-0.185	0.036	-0.15	0.024	67	-0.222	0.032	23	-0.233	0.036	36	-0.185	0.025	333	-0.15	0.023	35	-0.143	0.016	4	-0.249	0.027	12	-0.211	0.021	64	-0.185	0.021	12	-0.167	0.053	22	-0.176	0.024	62	-0.135	0.005	11	-0.185	0.036	40	4	-
HIP78072	F Dwarf (V)	HD142860_UVE_1	HIP78072_UVES_1	HD142860	-	UVES	248	42000	45254	6296	16	4.16	0.01	1.65	0.03	7.54	1.6	0.0	-0.15	0.024	-0.222	0.032	-0.233	0.036	-0.182	0.024	-0.143	0.016	-0.249	0.027	-0.211	0.021	-0.185	0.021	-0.167	0.053	-0.17	0.021	-0.185	0.036	-0.15	0.024	67	-0.222	0.032	23	-0.233	0.036	36	-0.185	0.025	333	-0.15	0.023	35	-0.143	0.016	4	-0.249	0.027	12	-0.211	0.021	64	-0.185	0.021	12	-0.167	0.053	22	-0.176	0.024	62	-0.135	0.005	11	-0.185	0.036	40	4	-
HIP79672	G Dwarf (V)	HD146233_ESP_1	HIP79672_ESPADONS_1	HD146233	18Sco	ESPADONS	909	42000	68000	5824	30	4.42	0.01	1.14	0.02	4.35	1.6	0.0	0.074	0.019	0.042	0.028	0.067	0.013	0.057	0.014	0.058	0.012	0.056	0.013	0.039	0.012	0.019	0.013	0.043	0.012	0.056	0.015	0.055	0.015	0.074	0.019	104	0.042	0.028	54	0.067	0.013	75	0.059	0.013	572	0.038	0.016	59	0.058	0.012	6	0.056	0.013	30	0.039	0.012	107	0.019	0.013	24	0.043	0.012	34	0.061	0.016	108	0.029	0.01	23	0.055	0.015	85	6	-
HIP79672	G Dwarf (V)	HD146233_FER_1	HIP79672_FEROS_1	HD146233	18Sco	FEROS	276	42000	48000	5824	30	4.42	0.01	1.14	0.02	4.35	1.6	0.0	0.074	0.019	0.042	0.028	0.067	0.013	0.057	0.014	0.058	0.012	0.056	0.013	0.039	0.012	0.019	0.013	0.043	0.012	0.056	0.015	0.055	0.015	0.074	0.019	104	0.042	0.028	54	0.067	0.013	75	0.059	0.013	572	0.038	0.016	59	0.058	0.012	6	0.056	0.013	30	0.039	0.012	107	0.019	0.013	24	0.043	0.012	34	0.061	0.016	108	0.029	0.01	23	0.055	0.015	85	6	-
HIP79672	G Dwarf (V)	HD146233_HAR_1	HIP79672_HARPS_1	HD146233	18Sco	HARPS	1040	42000	115000	5824	30	4.42	0.01	1.14	0.02	4.35	1.6	0.0	0.074	0.019	0.042	0.028	0.067	0.013	0.057	0.014	0.058	0.012	0.056	0.013	0.039	0.012	0.019	0.013	0.043	0.012	0.056	0.015	0.055	0.015	0.074	0.019	104	0.042	0.028	54	0.067	0.013	75	0.059	0.013	572	0.038	0.016	59	0.058	0.012	6	0.056	0.013	30	0.039	0.012	107	0.019	0.013	24	0.043	0.012	34	0.061	0.016	108	0.029	0.01	23	0.055	0.015	85	6	-
HIP79672	G Dwarf (V)	HD146233_NAR_1	HIP79672_NARVAL_1	HD146233	18Sco	NARVAL	1593	42000	68000	5824	30	4.42	0.01	1.14	0.02	4.35	1.6	0.0	0.074	0.019	0.042	0.028	0.067	0.013	0.057	0.014	0.058	0.012	0.056	0.013	0.039	0.012	0.019	0.013	0.043	0.012	0.056	0.015	0.055	0.015	0.074	0.019	104	0.042	0.028	54	0.067	0.013	75	0.059	0.013	572	0.038	0.016	59	0.058	0.012	6	0.056	0.013	30	0.039	0.012	107	0.019	0.013	24	0.043	0.012	34	0.061	0.016	108	0.029	0.01	23	0.055	0.015	85	6	-
HIP79672	G Dwarf (V)	HD146233_UVE_1	HIP79672_UVES_1	HD146233	18Sco	UVES	884	42000	107200	5824	30	4.42	0.01	1.14	0.02	4.35	1.6	0.0	0.074	0.019	0.042	0.028	0.067	0.013	0.057	0.014	0.058	0.012	0.056	0.013	0.039	0.012	0.019	0.013	0.043	0.012	0.056	0.015	0.055	0.015	0.074	0.019	104	0.042	0.028	54	0.067	0.013	75	0.059	0.013	572	0.038	0.016	59	0.058	0.012	6	0.056	0.013	30	0.039	0.012	107	0.019	0.013	24	0.043	0.012	34	0.061	0.016	108	0.029	0.01	23	0.055	0.015	85	6	-
HIP7981	K Dwarf (V)	HD10476_ESP_1	HIP7981_ESPADONS_1	HD10476	-	ESPADONS	571	42000	68000	5129	71	4.52	0.01	0.76	0.03	3.15	1.6	0.0	-0.073	0.026	-0.067	0.034	-0.082	0.02	-0.077	0.028	-0.087	0.017	-0.088	0.024	-0.083	0.028	-0.057	0.035	-0.001	0.024	-0.067	0.04	-0.051	0.035	-0.073	0.026	51	-0.067	0.034	36	-0.082	0.02	52	-0.084	0.025	353	-0.01	0.062	38	-0.087	0.017	4	-0.088	0.024	19	-0.083	0.028	68	-0.057	0.035	16	-0.001	0.024	24	-0.069	0.042	72	-0.059	0.034	16	-0.051	0.035	61	4	-
HIP7981	K Dwarf (V)	HD10476_FER_1	HIP7981_FEROS_1	HD10476	-	FEROS	170	42000	48000	5129	71	4.52	0.01	0.76	0.03	3.15	1.6	0.0	-0.073	0.026	-0.067	0.034	-0.082	0.02	-0.077	0.028	-0.087	0.017	-0.088	0.024	-0.083	0.028	-0.057	0.035	-0.001	0.024	-0.067	0.04	-0.051	0.035	-0.073	0.026	51	-0.067	0.034	36	-0.082	0.02	52	-0.084	0.025	353	-0.01	0.062	38	-0.087	0.017	4	-0.088	0.024	19	-0.083	0.028	68	-0.057	0.035	16	-0.001	0.024	24	-0.069	0.042	72	-0.059	0.034	16	-0.051	0.035	61	4	-
HIP7981	K Dwarf (V)	HD10476_NAR_1	HIP7981_NARVAL_1	HD10476	-	NARVAL	1211	42000	68000	5129	71	4.52	0.01	0.76	0.03	3.15	1.6	0.0	-0.073	0.026	-0.067	0.034	-0.082	0.02	-0.077	0.028	-0.087	0.017	-0.088	0.024	-0.083	0.028	-0.057	0.035	-0.001	0.024	-0.067	0.04	-0.051	0.035	-0.073	0.026	51	-0.067	0.034	36	-0.082	0.02	52	-0.084	0.025	353	-0.01	0.062	38	-0.087	0.017	4	-0.088	0.024	19	-0.083	0.028	68	-0.057	0.035	16	-0.001	0.024	24	-0.069	0.042	72	-0.059	0.034	16	-0.051	0.035	61	4	-
HIP80843	K Bright Giant (II)	HD148897_NAR_1	HIP80843_NARVAL_1	HD148897	-	NARVAL	585	42000	68000	4227	51	1.11	0.07	1.66	0.03	5.97	1.6	0.0	-0.994	0.038	-1.073	0.057	-1.317	0.032	-1.118	0.043	-0.678	0.029	-1.579	0.06	-1.187	0.066	-0.919	0.029	-0.832	0.027	-0.968	0.047	-1.274	0.059	-0.994	0.038	45	-1.073	0.057	26	-1.317	0.032	35	-1.133	0.042	271	-0.962	0.057	27	-0.678	0.029	3	-1.579	0.06	11	-1.187	0.066	46	-0.919	0.029	12	-0.832	0.027	14	-1.023	0.056	41	-0.781	0.019	12	-1.274	0.059	42	3	-
HIP80843	K Bright Giant (II)	HD148897_UVE_1	HIP80843_UVES_1	HD148897	-	UVES	124	42000	52203	4227	51	1.11	0.07	1.66	0.03	5.97	1.6	0.0	-0.994	0.038	-1.073	0.057	-1.317	0.032	-1.118	0.043	-0.678	0.029	-1.579	0.06	-1.187	0.066	-0.919	0.029	-0.832	0.027	-0.968	0.047	-1.274	0.059	-0.994	0.038	45	-1.073	0.057	26	-1.317	0.032	35	-1.133	0.042	271	-0.962	0.057	27	-0.678	0.029	3	-1.579	0.06	11	-1.187	0.066	46	-0.919	0.029	12	-0.832	0.027	14	-1.023	0.056	41	-0.781	0.019	12	-1.274	0.059	42	3	-
HIP8102	G Dwarf (V)	HD10700_ESP_1	HIP8102_ESPADONS_1	HD10700	tauCet	ESPADONS	1234	42000	68000	5397	15	4.5	0.01	0.72	0.03	3.65	1.6	0.0	-0.307	0.03	-0.347	0.035	-0.406	0.024	-0.466	0.025	-0.172	0.015	-0.555	0.013	-0.471	0.031	-0.316	0.021	-0.346	0.017	-0.202	0.03	-0.262	0.022	-0.307	0.03	68	-0.347	0.035	37	-0.406	0.024	51	-0.464	0.022	374	-0.48	0.051	40	-0.172	0.015	4	-0.555	0.013	19	-0.471	0.031	67	-0.316	0.021	16	-0.346	0.017	22	-0.181	0.03	73	-0.298	0.029	16	-0.262	0.022	59	4	-
HIP8102	G Dwarf (V)	HD10700_FER_1	HIP8102_FEROS_1	HD10700	tauCet	FEROS	939	42000	48000	5397	15	4.5	0.01	0.72	0.03	3.65	1.6	0.0	-0.307	0.03	-0.347	0.035	-0.406	0.024	-0.466	0.025	-0.172	0.015	-0.555	0.013	-0.471	0.031	-0.316	0.021	-0.346	0.017	-0.202	0.03	-0.262	0.022	-0.307	0.03	68	-0.347	0.035	37	-0.406	0.024	51	-0.464	0.022	374	-0.48	0.051	40	-0.172	0.015	4	-0.555	0.013	19	-0.471	0.031	67	-0.316	0.021	16	-0.346	0.017	22	-0.181	0.03	73	-0.298	0.029	16	-0.262	0.022	59	4	-
HIP8102	G Dwarf (V)	HD10700_NAR_1	HIP8102_NARVAL_1	HD10700	tauCet	NARVAL	735	42000	68000	5397	15	4.5	0.01	0.72	0.03	3.65	1.6	0.0	-0.307	0.03	-0.347	0.035	-0.406	0.024	-0.466	0.025	-0.172	0.015	-0.555	0.013	-0.471	0.031	-0.316	0.021	-0.346	0.017	-0.202	0.03	-0.262	0.022	-0.307	0.03	68	-0.347	0.035	37	-0.406	0.024	51	-0.464	0.022	374	-0.48	0.051	40	-0.172	0.015	4	-0.555	0.013	19	-0.471	0.031	67	-0.316	0.021	16	-0.346	0.017	22	-0.181	0.03	73	-0.298	0.029	16	-0.262	0.022	59	4	-
HIP8102	G Dwarf (V)	HD10700_UVE_1	HIP8102_UVES_1	HD10700	tauCet	UVES	281	42000	47554	5397	15	4.5	0.01	0.72	0.03	3.65	1.6	0.0	-0.307	0.03	-0.347	0.035	-0.406	0.024	-0.466	0.025	-0.172	0.015	-0.555	0.013	-0.471	0.031	-0.316	0.021	-0.346	0.017	-0.202	0.03	-0.262	0.022	-0.307	0.03	68	-0.347	0.035	37	-0.406	0.024	51	-0.464	0.022	374	-0.48	0.051	40	-0.172	0.015	4	-0.555	0.013	19	-0.471	0.031	67	-0.316	0.021	16	-0.346	0.017	22	-0.181	0.03	73	-0.298	0.029	16	-0.262	0.022	59	4	-
HIP81300	G Dwarf (V)	HD149661_FER_1	HIP81300_FEROS_1	HD149661	-	FEROS	198	42000	48000	5408	47	4.62	0.02	1.08	0.03	3.1	1.6	0.0	0.178	0.024	0.101	0.041	0.192	0.027	0.082	0.026	0.097	0.016	0.164	0.018	0.04	0.024	-0.008	0.034	0.019	0.023	0.176	0.022	0.258	0.034	0.178	0.024	64	0.101	0.041	45	0.192	0.027	62	0.095	0.024	439	-0.03	0.045	49	0.097	0.016	5	0.164	0.018	25	0.04	0.024	84	-0.008	0.034	20	0.019	0.023	28	0.213	0.023	88	0.004	0.018	19	0.258	0.034	76	5	-
HIP81300	G Dwarf (V)	HD149661_HAR_1	HIP81300_HARPS_1	HD149661	-	HARPS	823	42000	115000	5408	47	4.62	0.02	1.08	0.03	3.1	1.6	0.0	0.178	0.024	0.101	0.041	0.192	0.027	0.082	0.026	0.097	0.016	0.164	0.018	0.04	0.024	-0.008	0.034	0.019	0.023	0.176	0.022	0.258	0.034	0.178	0.024	64	0.101	0.041	45	0.192	0.027	62	0.095	0.024	439	-0.03	0.045	49	0.097	0.016	5	0.164	0.018	25	0.04	0.024	84	-0.008	0.034	20	0.019	0.023	28	0.213	0.023	88	0.004	0.018	19	0.258	0.034	76	5	-
HIP81300	G Dwarf (V)	HD149661_NAR_1	HIP81300_NARVAL_1	HD149661	-	NARVAL	826	42000	68000	5408	47	4.62	0.02	1.08	0.03	3.1	1.6	0.0	0.178	0.024	0.101	0.041	0.192	0.027	0.082	0.026	0.097	0.016	0.164	0.018	0.04	0.024	-0.008	0.034	0.019	0.023	0.176	0.022	0.258	0.034	0.178	0.024	64	0.101	0.041	45	0.192	0.027	62	0.095	0.024	439	-0.03	0.045	49	0.097	0.016	5	0.164	0.018	25	0.04	0.024	84	-0.008	0.034	20	0.019	0.023	28	0.213	0.023	88	0.004	0.018	19	0.258	0.034	76	5	-
HIP81300	G Dwarf (V)	HD149661_UVE_1	HIP81300_UVES_1	HD149661	-	UVES	400	42000	74450	5408	47	4.62	0.02	1.08	0.03	3.1	1.6	0.0	0.178	0.024	0.101	0.041	0.192	0.027	0.082	0.026	0.097	0.016	0.164	0.018	0.04	0.024	-0.008	0.034	0.019	0.023	0.176	0.022	0.258	0.034	0.178	0.024	64	0.101	0.041	45	0.192	0.027	62	0.095	0.024	439	-0.03	0.045	49	0.097	0.016	5	0.164	0.018	25	0.04	0.024	84	-0.008	0.034	20	0.019	0.023	28	0.213	0.023	88	0.004	0.018	19	0.258	0.034	76	5	-
HIP8159	G Subgiant (IV)	HD10697_HER_1	HIP8159_HERMES_1	HD10697	-	HERMES	190	42000	75000	5438	61	3.94	0.08	1.17	0.02	3.36	1.6	0.0	-0.005	0.037	-0.033	0.043	-0.041	0.027	-0.001	0.034	0.011	0.026	-0.055	0.064	0.002	0.02	0.115	0.021	0.106	0.034	-0.041	0.03	-0.103	0.029	-0.005	0.037	36	-0.033	0.043	19	-0.041	0.027	26	-0.016	0.035	194	0.135	0.029	20	0.011	0.026	2	-0.055	0.064	10	0.002	0.02	34	0.115	0.021	8	0.106	0.034	12	-0.069	0.029	38	0.096	0.035	8	-0.103	0.029	30	2	-
HIP8159	G Subgiant (IV)	HD10697_NAR_1	HIP8159_NARVAL_1	HD10697	-	NARVAL	892	42000	68000	5438	61	3.94	0.08	1.17	0.02	3.36	1.6	0.0	-0.005	0.037	-0.033	0.043	-0.041	0.027	-0.001	0.034	0.011	0.026	-0.055	0.064	0.002	0.02	0.115	0.021	0.106	0.034	-0.041	0.03	-0.103	0.029	-0.005	0.037	36	-0.033	0.043	19	-0.041	0.027	26	-0.016	0.035	194	0.135	0.029	20	0.011	0.026	2	-0.055	0.064	10	0.002	0.02	34	0.115	0.021	8	0.106	0.034	12	-0.069	0.029	38	0.096	0.035	8	-0.103	0.029	30	2	-
HIP81693	G Subgiant (IV)	HD150680_NAR_1	HIP81693_NARVAL_1	HD150680	-	NARVAL	188	42000	68000	5760	96	3.72	0.03	1.36	0.03	4.33	1.6	0.0	0.07	0.042	0.037	0.051	0.023	0.028	0.04	0.031	0.027	0.04	0.016	0.044	0.034	0.018	0.054	0.011	0.07	0.018	0.012	0.029	-0.002	0.028	0.07	0.042	32	0.037	0.051	18	0.023	0.028	22	0.038	0.032	188	0.055	0.026	20	0.027	0.04	2	0.016	0.044	7	0.034	0.018	35	0.054	0.011	8	0.07	0.018	11	0.008	0.03	34	0.03	0.026	8	-0.002	0.028	28	2	-
HIP83000	K Giant (III)	HD153210_NAR_1	HIP83000_NARVAL_1	HD153210	-	NARVAL	1847	42000	68000	4499	68	2.49	0.07	1.31	0.03	3.91	1.6	0.0	-0.044	0.064	0.078	0.082	-0.006	0.053	0.043	0.071	0.157	0.021	0.022	0.014	0.073	0.054	0.018	0.118	0.228	0.089	0.015	0.068	-0.04	0.124	-0.044	0.064	22	0.078	0.082	18	-0.006	0.053	20	0.033	0.074	154	0.149	0.035	16	0.157	0.021	2	0.022	0.014	4	0.073	0.054	31	0.018	0.118	8	0.228	0.089	11	-0.009	0.065	24	0.085	0.074	8	-0.04	0.124	27	2	-
HIP8362	G Dwarf (V)	HD10780_NAR_1	HIP8362_NARVAL_1	HD10780	-	NARVAL	1316	42000	68000	5293	77	4.55	0.03	0.88	0.02	3.09	1.6	0.0	0.012	0.034	-0.048	0.049	-0.007	0.021	-0.015	0.032	-0.067	0.018	-0.05	0.046	-0.05	0.033	-0.029	0.052	0.029	0.033	-0.02	0.045	-0.016	0.038	0.012	0.034	29	-0.048	0.049	18	-0.007	0.021	26	-0.021	0.03	179	0.032	0.046	20	-0.067	0.018	2	-0.05	0.046	9	-0.05	0.033	34	-0.029	0.052	8	0.029	0.033	12	-0.023	0.045	35	-0.008	0.045	8	-0.016	0.038	30	2	-
HIP8404	K Giant (III)	HD11037_FIE_1	HIP8404_FIES_1	HD11037	-	FIES	500	42000	65000	4834	59	2.33	0.21	1.46	0.02	4.44	1.6	0.0	-0.206	0.041	-0.25	0.065	-0.238	0.047	-0.254	0.048	-0.126	0.031	-0.293	0.018	-0.31	0.041	-0.294	0.056	-0.156	0.038	-0.247	0.056	-0.277	0.069	-0.206	0.041	31	-0.25	0.065	18	-0.238	0.047	26	-0.249	0.048	183	-0.302	0.048	20	-0.126	0.031	2	-0.293	0.018	7	-0.31	0.041	35	-0.294	0.056	8	-0.156	0.038	11	-0.245	0.053	34	-0.256	0.065	8	-0.277	0.069	29	2	-
HIP8404	K Giant (III)	HD11037_HER_1	HIP8404_HERMES_1	HD11037	-	HERMES	252	42000	75000	4834	59	2.33	0.21	1.46	0.02	4.44	1.6	0.0	-0.206	0.041	-0.25	0.065	-0.238	0.047	-0.254	0.048	-0.126	0.031	-0.293	0.018	-0.31	0.041	-0.294	0.056	-0.156	0.038	-0.247	0.056	-0.277	0.069	-0.206	0.041	31	-0.25	0.065	18	-0.238	0.047	26	-0.249	0.048	183	-0.302	0.048	20	-0.126	0.031	2	-0.293	0.018	7	-0.31	0.041	35	-0.294	0.056	8	-0.156	0.038	11	-0.245	0.053	34	-0.256	0.065	8	-0.277	0.069	29	2	-
HIP84950	K Bright Giant (II)	HD157681_FIE_1	HIP84950_FIES_1	HD157681	-	FIES	330	42000	65000	4108	23	1.35	0.03	1.28	0.03	4.94	1.6	0.0	-0.096	0.156	-0.266	0.254	-0.207	0.108	-0.221	0.19	-0.108	0.048	-0.208	0.014	-0.33	0.186	-0.251	0.214	-0.222	0.129	-0.064	0.18	-0.053	0.281	-0.096	0.156	8	-0.266	0.254	7	-0.207	0.108	7	-0.203	0.187	68	-0.393	0.221	7	-0.108	0.048	1	-0.208	0.014	2	-0.33	0.186	13	-0.251	0.214	3	-0.222	0.129	4	0.034	0.214	6	-0.211	0.13	4	-0.053	0.281	11	1	-
HIP85235	K Dwarf (V)	HD158633_NAR_1	HIP85235_NARVAL_1	HD158633	-	NARVAL	374	42000	68000	5188	51	4.51	0.02	0.48	0.05	3.54	1.6	0.0	-0.455	0.052	-0.438	0.056	-0.494	0.032	-0.489	0.046	-0.393	0.026	-0.572	0.036	-0.503	0.042	-0.395	0.038	-0.371	0.028	-0.401	0.061	-0.451	0.031	-0.455	0.052	34	-0.438	0.056	18	-0.494	0.032	26	-0.499	0.042	197	-0.391	0.091	20	-0.393	0.026	2	-0.572	0.036	9	-0.503	0.042	33	-0.395	0.038	8	-0.371	0.028	12	-0.407	0.062	37	-0.374	0.058	8	-0.451	0.031	29	2	-
HIP85258	K Bright Giant (II)	HD157244_HAR_1	HIP85258_HARPS_1	HD157244	betAra	HARPS	414	42000	115000	4232	17	0.97	0.06	1.56	0.04	5.19	1.6	0.0	-0.076	0.188	-0.28	0.119	-0.137	0.145	-0.053	0.25					-0.051	0.161	0.012	0.051	0.138	0.184	-0.083	0.158	-0.172	0.2	-0.076	0.188	5	-0.28	0.119	6	-0.137	0.145	4	-0.041	0.229	41	-0.113	0.354	8						0	-0.051	0.161	9	0.012	0.051	1	0.138	0.184	4	-0.146	0.172	4	0.045	0.13	2	-0.172	0.2	5	1	-
HIP86614	G Subgiant (IV)	HD162003_NAR_1	HIP86614_NARVAL_1	HD162003	-	NARVAL	220	42000	68000	5936	89	3.82	0.04	1.49	0.05	5.47	1.6	0.0	-0.206	0.092	-0.512	0.143	-0.459	0.144	-0.32	0.107	-0.269	0.071	-0.384	0.073	-0.403	0.095	-0.124	0.072	-0.2	0.135	-0.349	0.171	-0.366	0.268	-0.206	0.092	17	-0.512	0.143	3	-0.459	0.144	9	-0.356	0.107	80	0.004	0.11	9	-0.269	0.071	1	-0.384	0.073	2	-0.403	0.095	15	-0.124	0.072	4	-0.2	0.135	6	-0.402	0.199	12	-0.137	0.06	3	-0.366	0.268	5	1	-
HIP86742	K Giant (III)	HD161096_ESP_1	HIP86742_ESPADONS_1	HD161096	-	ESPADONS	500	42000	68000	4577	18	2.33	0.07	1.3	0.02	3.99	1.6	0.0	0.168	0.041	0.168	0.055	0.179	0.042	0.098	0.052	0.314	0.015	0.235	0.01	0.167	0.036	0.072	0.103	0.251	0.071	0.188	0.061	0.199	0.087	0.168	0.041	58	0.168	0.055	42	0.179	0.042	49	0.112	0.053	368	-0.014	0.045	45	0.314	0.015	5	0.235	0.01	12	0.167	0.036	77	0.072	0.103	20	0.251	0.071	27	0.215	0.054	59	0.106	0.079	20	0.199	0.087	62	5	-
HIP86742	K Giant (III)	HD161096_FIE_1	HIP86742_FIES_1	HD161096	-	FIES	500	42000	65000	4577	18	2.33	0.07	1.3	0.02	3.99	1.6	0.0	0.168	0.041	0.168	0.055	0.179	0.042	0.098	0.052	0.314	0.015	0.235	0.01	0.167	0.036	0.072	0.103	0.251	0.071	0.188	0.061	0.199	0.087	0.168	0.041	58	0.168	0.055	42	0.179	0.042	49	0.112	0.053	368	-0.014	0.045	45	0.314	0.015	5	0.235	0.01	12	0.167	0.036	77	0.072	0.103	20	0.251	0.071	27	0.215	0.054	59	0.106	0.079	20	0.199	0.087	62	5	-
HIP86742	K Giant (III)	HD161096_NAR_1	HIP86742_NARVAL_1	HD161096	-	NARVAL	1539	42000	68000	4577	18	2.33	0.07	1.3	0.02	3.99	1.6	0.0	0.168	0.041	0.168	0.055	0.179	0.042	0.098	0.052	0.314	0.015	0.235	0.01	0.167	0.036	0.072	0.103	0.251	0.071	0.188	0.061	0.199	0.087	0.168	0.041	58	0.168	0.055	42	0.179	0.042	49	0.112	0.053	368	-0.014	0.045	45	0.314	0.015	5	0.235	0.01	12	0.167	0.036	77	0.072	0.103	20	0.251	0.071	27	0.215	0.054	59	0.106	0.079	20	0.199	0.087	62	5	-
HIP86742	K Giant (III)	HD161096_UVE_1	HIP86742_UVES_1	HD161096	-	UVES	298	42000	45000	4577	18	2.33	0.07	1.3	0.02	3.99	1.6	0.0	0.168	0.041	0.168	0.055	0.179	0.042	0.098	0.052	0.314	0.015	0.235	0.01	0.167	0.036	0.072	0.103	0.251	0.071	0.188	0.061	0.199	0.087	0.168	0.041	58	0.168	0.055	42	0.179	0.042	49	0.112	0.053	368	-0.014	0.045	45	0.314	0.015	5	0.235	0.01	12	0.167	0.036	77	0.072	0.103	20	0.251	0.071	27	0.215	0.054	59	0.106	0.079	20	0.199	0.087	62	5	-
HIP86796	G Dwarf (V)	HD160691_HAR_1	HIP86796_HARPS_1	HD160691	muAra	HARPS	252	42000	115000	5974	61	4.3	0.03	1.24	0.02	4.68	1.6	0.0	0.382	0.041	0.491	0.058	0.465	0.062	0.411	0.04	0.391	0.031	0.52	0.032	0.452	0.042	0.352	0.046	0.329	0.019	0.452	0.056	0.512	0.044	0.382	0.041	34	0.491	0.058	19	0.465	0.062	23	0.425	0.041	181	0.275	0.033	19	0.391	0.031	2	0.52	0.032	10	0.452	0.042	35	0.352	0.046	8	0.329	0.019	10	0.476	0.061	38	0.322	0.029	7	0.512	0.044	30	2	Indirect theta
HIP86796	G Dwarf (V)	HD160691_UVE_1	HIP86796_UVES_1	HD160691	muAra	UVES	390	42000	95000	5974	61	4.3	0.03	1.24	0.02	4.68	1.6	0.0	0.382	0.041	0.491	0.058	0.465	0.062	0.411	0.04	0.391	0.031	0.52	0.032	0.452	0.042	0.352	0.046	0.329	0.019	0.452	0.056	0.512	0.044	0.382	0.041	34	0.491	0.058	19	0.465	0.062	23	0.425	0.041	181	0.275	0.033	19	0.391	0.031	2	0.52	0.032	10	0.452	0.042	35	0.352	0.046	8	0.329	0.019	10	0.476	0.061	38	0.322	0.029	7	0.512	0.044	30	2	Indirect theta
HIP87808	K Bright Giant (II)	HD163770_FIE_1	HIP87808_FIES_1	HD163770	-	FIES	450	42000	65000	4448	23	1.37	0.04	2.01	0.04	4.93	1.6	0.0	-0.134	0.074	-0.131	0.128	-0.051	0.123	-0.084	0.134					-0.099	0.124	-0.093	0.018	0.014	0.086	-0.128	0.069	-0.085	0.12	-0.134	0.074	5	-0.131	0.128	7	-0.051	0.123	6	-0.057	0.131	45	-0.239	0.153	8						0	-0.099	0.124	10	-0.093	0.018	3	0.014	0.086	4	-0.138	0.056	5	-0.103	0.1	2	-0.085	0.12	9	1	-
HIP87833	K Bright Giant (II)	HD164058_ESP_1	HIP87833_ESPADONS_1	HD164058	-	ESPADONS	965	42000	68000	4018	32	1.33	0.04	1.06	0.02	4.82	1.6	0.0	0.062	0.079	-0.181	0.111	-0.006	0.138	-0.128	0.151	-0.051	0.026	-0.046	0.025	-0.113	0.142	-0.199	0.106	-0.005	0.197	0.108	0.106	0.333	0.274	0.062	0.079	20	-0.181	0.111	16	-0.006	0.138	14	-0.115	0.146	137	-0.251	0.196	14	-0.051	0.026	2	-0.046	0.025	2	-0.113	0.142	28	-0.199	0.106	6	-0.005	0.197	8	0.249	0.146	12	-0.102	0.045	8	0.333	0.274	16	2	-
HIP88348	G Dwarf (V)	HD164922_ELO_1	HIP88348_ELODIE_1	HD164922	-	ELODIE	655	42000	45000	5392	66	4.43	0.03	0.95	0.03	3.01	1.6	0.0	0.221	0.028	0.195	0.05	0.207	0.024	0.144	0.028	0.219	0.022	0.175	0.031	0.137	0.025	0.156	0.046	0.176	0.033	0.242	0.033	0.276	0.036	0.221	0.028	42	0.195	0.05	28	0.207	0.024	39	0.149	0.028	258	0.104	0.036	30	0.219	0.022	3	0.175	0.031	15	0.137	0.025	50	0.156	0.046	12	0.176	0.033	16	0.261	0.032	51	0.162	0.039	12	0.276	0.036	44	3	-
HIP88348	G Dwarf (V)	HD164922_NAR_1	HIP88348_NARVAL_1	HD164922	-	NARVAL	526	42000	68000	5392	66	4.43	0.03	0.95	0.03	3.01	1.6	0.0	0.221	0.028	0.195	0.05	0.207	0.024	0.144	0.028	0.219	0.022	0.175	0.031	0.137	0.025	0.156	0.046	0.176	0.033	0.242	0.033	0.276	0.036	0.221	0.028	42	0.195	0.05	28	0.207	0.024	39	0.149	0.028	258	0.104	0.036	30	0.219	0.022	3	0.175	0.031	15	0.137	0.025	50	0.156	0.046	12	0.176	0.033	16	0.261	0.032	51	0.162	0.039	12	0.276	0.036	44	3	-
HIP88348	G Dwarf (V)	HD164922_UVE_1	HIP88348_UVES_1	HD164922	-	UVES	130	42000	107200	5392	66	4.43	0.03	0.95	0.03	3.01	1.6	0.0	0.221	0.028	0.195	0.05	0.207	0.024	0.144	0.028	0.219	0.022	0.175	0.031	0.137	0.025	0.156	0.046	0.176	0.033	0.242	0.033	0.276	0.036	0.221	0.028	42	0.195	0.05	28	0.207	0.024	39	0.149	0.028	258	0.104	0.036	30	0.219	0.022	3	0.175	0.031	15	0.137	0.025	50	0.156	0.046	12	0.176	0.033	16	0.261	0.032	51	0.162	0.039	12	0.276	0.036	44	3	-
HIP8837	M Supergiant (I)	HD11695_HAR_1	HIP8837_HARPS_1	HD11695	psiPhe	HARPS	377	42000	115000	3362	183	0.44	0.06	0.2	0.5	6.29	1.6	0.0	-1.433	0.369	-1.431	0.246	-0.981	0.239	-1.287	0.506			-2.191	0.246	-0.937	0.232	-1.61	0.199	-0.137	0.103	-1.045	0.452	-1.337	0.487	-1.433	0.369	14	-1.431	0.246	6	-0.981	0.239	6	-1.287	0.506	98			0			0	-2.191	0.246	5	-0.937	0.232	8	-1.61	0.199	6	-0.137	0.103	1	-1.069	0.479	15	-0.953	0.351	4	-1.337	0.487	21	2	-
HIP8837	M Supergiant (I)	HD11695_UVE_1	HIP8837_UVES_1	HD11695	psiPhe	UVES	118	42000	74500	3362	183	0.44	0.06	0.2	0.5	6.29	1.6	0.0	-1.433	0.369	-1.431	0.246	-0.981	0.239	-1.287	0.506			-2.191	0.246	-0.937	0.232	-1.61	0.199	-0.137	0.103	-1.045	0.452	-1.337	0.487	-1.433	0.369	14	-1.431	0.246	6	-0.981	0.239	6	-1.287	0.506	98			0			0	-2.191	0.246	5	-0.937	0.232	8	-1.61	0.199	6	-0.137	0.103	1	-1.069	0.479	15	-0.953	0.351	4	-1.337	0.487	21	2	-
HIP89047	K Subgiant (IV)	HD167042_CAF_1	HIP89047_CAFE_1	HD167042	-	CAFE	137	42000	62000	4987	66	3.41	0.06	1.2	0.03	3.63	1.6	0.0	0.006	0.05	0.032	0.101	-0.001	0.071	-0.034	0.078	-0.009	0.068	0.055	0.085	-0.008	0.071	0.016	0.107	0.051	0.1	-0.001	0.081	0.08	0.094	0.006	0.05	16	0.032	0.101	9	-0.001	0.071	13	-0.026	0.073	89	-0.101	0.131	10	-0.009	0.068	1	0.055	0.085	5	-0.008	0.071	18	0.016	0.107	4	0.051	0.1	6	0.022	0.08	18	-0.107	0.084	4	0.08	0.094	15	1	-
HIP8928	K Giant (III)	HD11977_FER_1	HIP8928_FEROS_1	HD11977	-	FEROS	215	42000	48000	4890	30	2.61	0.05	1.35	0.02	4.31	1.6	0.0	-0.25	0.036	-0.289	0.052	-0.326	0.032	-0.289	0.041	-0.181	0.024	-0.398	0.062	-0.333	0.033	-0.104	0.037	-0.166	0.052	-0.261	0.033	-0.334	0.044	-0.25	0.036	52	-0.289	0.052	28	-0.326	0.032	36	-0.297	0.041	273	-0.218	0.038	29	-0.181	0.024	3	-0.398	0.062	15	-0.333	0.033	53	-0.104	0.037	12	-0.166	0.052	16	-0.291	0.034	54	-0.117	0.031	11	-0.334	0.044	45	3	-
HIP8928	K Giant (III)	HD11977_HAR_1	HIP8928_HARPS_1	HD11977	-	HARPS	1019	42000	115000	4890	30	2.61	0.05	1.35	0.02	4.31	1.6	0.0	-0.25	0.036	-0.289	0.052	-0.326	0.032	-0.289	0.041	-0.181	0.024	-0.398	0.062	-0.333	0.033	-0.104	0.037	-0.166	0.052	-0.261	0.033	-0.334	0.044	-0.25	0.036	52	-0.289	0.052	28	-0.326	0.032	36	-0.297	0.041	273	-0.218	0.038	29	-0.181	0.024	3	-0.398	0.062	15	-0.333	0.033	53	-0.104	0.037	12	-0.166	0.052	16	-0.291	0.034	54	-0.117	0.031	11	-0.334	0.044	45	3	-
HIP8928	K Giant (III)	HD11977_UVE_1	HIP8928_UVES_1	HD11977	-	UVES	150	42000	107200	4890	30	2.61	0.05	1.35	0.02	4.31	1.6	0.0	-0.25	0.036	-0.289	0.052	-0.326	0.032	-0.289	0.041	-0.181	0.024	-0.398	0.062	-0.333	0.033	-0.104	0.037	-0.166	0.052	-0.261	0.033	-0.334	0.044	-0.25	0.036	52	-0.289	0.052	28	-0.326	0.032	36	-0.297	0.041	273	-0.218	0.038	29	-0.181	0.024	3	-0.398	0.062	15	-0.333	0.033	53	-0.104	0.037	12	-0.166	0.052	16	-0.291	0.034	54	-0.117	0.031	11	-0.334	0.044	45	3	-
HIP89348	F Dwarf (V)	HD168151_NAR_1	HIP89348_NARVAL_1	HD168151	-	NARVAL	1172	42000	68000	6569	69	4.09	0.03	1.76	0.03	10.09	1.6	0.0	-0.219	0.05	-0.263	0.158	-0.352	0.054	-0.302	0.038	-0.232	0.024	-0.376	0.025	-0.341	0.048	-0.291	0.022	-0.258	0.029	-0.208	0.026	-0.217	0.061	-0.219	0.05	36	-0.263	0.158	7	-0.352	0.054	20	-0.302	0.039	180	-0.307	0.029	19	-0.232	0.024	2	-0.376	0.025	5	-0.341	0.048	31	-0.291	0.022	7	-0.258	0.029	10	-0.198	0.026	29	-0.256	0.027	6	-0.217	0.061	21	2	-
HIP89962	K Giant (III)	HD168723_FER_1	HIP89962_FEROS_1	HD168723	-	FEROS	309	42000	48000	4801	47	2.92	0.04	1.17	0.02	4.11	1.6	0.0	-0.273	0.031	-0.277	0.044	-0.324	0.013	-0.301	0.029	-0.188	0.015	-0.364	0.044	-0.306	0.025	-0.196	0.028	-0.154	0.029	-0.296	0.028	-0.341	0.042	-0.273	0.031	67	-0.277	0.044	36	-0.324	0.013	47	-0.31	0.028	379	-0.221	0.034	39	-0.188	0.015	4	-0.364	0.044	20	-0.306	0.025	71	-0.196	0.028	16	-0.154	0.029	23	-0.313	0.029	75	-0.213	0.023	15	-0.341	0.042	59	4	-
HIP89962	K Giant (III)	HD168723_HAR_1	HIP89962_HARPS_1	HD168723	-	HARPS	999	42000	115000	4801	47	2.92	0.04	1.17	0.02	4.11	1.6	0.0	-0.273	0.031	-0.277	0.044	-0.324	0.013	-0.301	0.029	-0.188	0.015	-0.364	0.044	-0.306	0.025	-0.196	0.028	-0.154	0.029	-0.296	0.028	-0.341	0.042	-0.273	0.031	67	-0.277	0.044	36	-0.324	0.013	47	-0.31	0.028	379	-0.221	0.034	39	-0.188	0.015	4	-0.364	0.044	20	-0.306	0.025	71	-0.196	0.028	16	-0.154	0.029	23	-0.313	0.029	75	-0.213	0.023	15	-0.341	0.042	59	4	-
HIP89962	K Giant (III)	HD168723_NAR_1	HIP89962_NARVAL_1	HD168723	-	NARVAL	1619	42000	68000	4801	47	2.92	0.04	1.17	0.02	4.11	1.6	0.0	-0.273	0.031	-0.277	0.044	-0.324	0.013	-0.301	0.029	-0.188	0.015	-0.364	0.044	-0.306	0.025	-0.196	0.028	-0.154	0.029	-0.296	0.028	-0.341	0.042	-0.273	0.031	67	-0.277	0.044	36	-0.324	0.013	47	-0.31	0.028	379	-0.221	0.034	39	-0.188	0.015	4	-0.364	0.044	20	-0.306	0.025	71	-0.196	0.028	16	-0.154	0.029	23	-0.313	0.029	75	-0.213	0.023	15	-0.341	0.042	59	4	-
HIP90344	K Giant (III)	HD170693_ESP_1	HIP90344_ESPADONS_1	HD170693	-	ESPADONS	731	42000	68000	4367	46	1.86	0.04	1.32	0.02	4.85	1.6	0.0	-0.453	0.045	-0.38	0.062	-0.516	0.025	-0.471	0.043	-0.203	0.025	-0.555	0.037	-0.47	0.054	-0.323	0.068	-0.293	0.032	-0.364	0.039	-0.488	0.094	-0.453	0.045	48	-0.38	0.062	27	-0.516	0.025	32	-0.477	0.042	273	-0.414	0.051	25	-0.203	0.025	3	-0.555	0.037	12	-0.47	0.054	44	-0.323	0.068	12	-0.293	0.032	15	-0.361	0.046	40	-0.374	0.016	12	-0.488	0.094	41	3	-
HIP90344	K Giant (III)	HD170693_NAR_1	HIP90344_NARVAL_1	HD170693	-	NARVAL	270	42000	68000	4367	46	1.86	0.04	1.32	0.02	4.85	1.6	0.0	-0.453	0.045	-0.38	0.062	-0.516	0.025	-0.471	0.043	-0.203	0.025	-0.555	0.037	-0.47	0.054	-0.323	0.068	-0.293	0.032	-0.364	0.039	-0.488	0.094	-0.453	0.045	48	-0.38	0.062	27	-0.516	0.025	32	-0.477	0.042	273	-0.414	0.051	25	-0.203	0.025	3	-0.555	0.037	12	-0.47	0.054	44	-0.323	0.068	12	-0.293	0.032	15	-0.361	0.046	40	-0.374	0.016	12	-0.488	0.094	41	3	-
HIP9094	K Subgiant (IV)	HD11964_HAR_1	HIP9094_HARPS_1	HD11964	-	HARPS	963	42000	115000	5082	63	3.88	0.08	1.02	0.01	3.32	1.6	0.0	-0.111	0.042	-0.091	0.039	-0.124	0.029	-0.056	0.037	-0.045	0.018	-0.158	0.059	-0.052	0.018	0.061	0.037	0.103	0.034	-0.119	0.037	-0.191	0.034	-0.111	0.042	49	-0.091	0.039	27	-0.124	0.029	36	-0.077	0.037	272	0.144	0.029	29	-0.045	0.018	3	-0.158	0.059	15	-0.052	0.018	50	0.061	0.037	12	0.103	0.034	16	-0.157	0.037	55	0.072	0.037	11	-0.191	0.034	43	3	-
HIP9094	K Subgiant (IV)	HD11964_NAR_1	HIP9094_NARVAL_1	HD11964	-	NARVAL	1006	42000	68000	5082	63	3.88	0.08	1.02	0.01	3.32	1.6	0.0	-0.111	0.042	-0.091	0.039	-0.124	0.029	-0.056	0.037	-0.045	0.018	-0.158	0.059	-0.052	0.018	0.061	0.037	0.103	0.034	-0.119	0.037	-0.191	0.034	-0.111	0.042	49	-0.091	0.039	27	-0.124	0.029	36	-0.077	0.037	272	0.144	0.029	29	-0.045	0.018	3	-0.158	0.059	15	-0.052	0.018	50	0.061	0.037	12	0.103	0.034	16	-0.157	0.037	55	0.072	0.037	11	-0.191	0.034	43	3	-
HIP9094	K Subgiant (IV)	HD11964_UVE_1	HIP9094_UVES_1	HD11964	-	UVES	523	42000	107200	5082	63	3.88	0.08	1.02	0.01	3.32	1.6	0.0	-0.111	0.042	-0.091	0.039	-0.124	0.029	-0.056	0.037	-0.045	0.018	-0.158	0.059	-0.052	0.018	0.061	0.037	0.103	0.034	-0.119	0.037	-0.191	0.034	-0.111	0.042	49	-0.091	0.039	27	-0.124	0.029	36	-0.077	0.037	272	0.144	0.029	29	-0.045	0.018	3	-0.158	0.059	15	-0.052	0.018	50	0.061	0.037	12	0.103	0.034	16	-0.157	0.037	55	0.072	0.037	11	-0.191	0.034	43	3	-
HIP91949	G Dwarf (V)	HD173701_ESP_1	HIP91949_ESPADONS_1	HD173701	-	ESPADONS	415	42000	68000	5315	48	4.44	0.03	0.94	0.02	2.78	1.6	0.0	0.255	0.031	0.357	0.05	0.285	0.02	0.261	0.033	0.277	0.019	0.34	0.044	0.342	0.017	0.314	0.053	0.38	0.04	0.282	0.043	0.34	0.041	0.255	0.031	38	0.357	0.05	27	0.285	0.02	39	0.259	0.033	270	0.274	0.034	30	0.277	0.019	3	0.34	0.044	15	0.342	0.017	51	0.314	0.053	12	0.38	0.04	18	0.28	0.04	50	0.29	0.052	12	0.34	0.041	44	3	-
HIP91949	G Dwarf (V)	HD173701_NAR_1	HIP91949_NARVAL_1	HD173701	-	NARVAL	1043	42000	68000	5315	48	4.44	0.03	0.94	0.02	2.78	1.6	0.0	0.255	0.031	0.357	0.05	0.285	0.02	0.261	0.033	0.277	0.019	0.34	0.044	0.342	0.017	0.314	0.053	0.38	0.04	0.282	0.043	0.34	0.041	0.255	0.031	38	0.357	0.05	27	0.285	0.02	39	0.259	0.033	270	0.274	0.034	30	0.277	0.019	3	0.34	0.044	15	0.342	0.017	51	0.314	0.053	12	0.38	0.04	18	0.28	0.04	50	0.29	0.052	12	0.34	0.041	44	3	-
HIP92043	F Subgiant (IV)	HD173667_ESP_1	HIP92043_ESPADONS_1	HD173667	-	ESPADONS	343	42000	68000	6426	20	3.95	0.03	1.86	0.04	8.55	1.6	0.0	0.015	0.041	-0.067	0.024	-0.094	0.046	-0.04	0.034	-0.044	0.019	-0.123	0.009	-0.055	0.031	-0.068	0.011	-0.006	0.028	-0.059	0.036	-0.095	0.075	0.015	0.041	53	-0.067	0.024	10	-0.094	0.046	38	-0.044	0.035	291	-0.01	0.024	36	-0.044	0.019	4	-0.123	0.009	8	-0.055	0.031	51	-0.068	0.011	16	-0.006	0.028	19	-0.058	0.041	53	-0.06	0.008	8	-0.095	0.075	31	4	-
HIP92043	F Subgiant (IV)	HD173667_NAR_1	HIP92043_NARVAL_1	HD173667	-	NARVAL	1973	42000	68000	6426	20	3.95	0.03	1.86	0.04	8.55	1.6	0.0	0.015	0.041	-0.067	0.024	-0.094	0.046	-0.04	0.034	-0.044	0.019	-0.123	0.009	-0.055	0.031	-0.068	0.011	-0.006	0.028	-0.059	0.036	-0.095	0.075	0.015	0.041	53	-0.067	0.024	10	-0.094	0.046	38	-0.044	0.035	291	-0.01	0.024	36	-0.044	0.019	4	-0.123	0.009	8	-0.055	0.031	51	-0.068	0.011	16	-0.006	0.028	19	-0.058	0.041	53	-0.06	0.008	8	-0.095	0.075	31	4	-
HIP92043	F Subgiant (IV)	HD173667_UVE_1	HIP92043_UVES_1	HD173667	-	UVES	749	42000	74450	6426	20	3.95	0.03	1.86	0.04	8.55	1.6	0.0	0.015	0.041	-0.067	0.024	-0.094	0.046	-0.04	0.034	-0.044	0.019	-0.123	0.009	-0.055	0.031	-0.068	0.011	-0.006	0.028	-0.059	0.036	-0.095	0.075	0.015	0.041	53	-0.067	0.024	10	-0.094	0.046	38	-0.044	0.035	291	-0.01	0.024	36	-0.044	0.019	4	-0.123	0.009	8	-0.055	0.031	51	-0.068	0.011	16	-0.006	0.028	19	-0.058	0.041	53	-0.06	0.008	8	-0.095	0.075	31	4	-
HIP92167	K Giant (III)	HD175305_NAR_1	HIP92167_NARVAL_1	HD175305	HD175305	NARVAL	181	42000	68000	4902	30	2.53	0.02	1.26	0.04	5.24	1.6	0.0	-1.264	0.047	-1.597	0.052	-1.658	0.086	-1.49	0.042	-1.199	0.047	-1.961	0.062	-1.6	0.061	-1.361	0.022	-1.271	0.038	-1.336	0.03	-1.614	0.058	-1.264	0.047	32	-1.597	0.052	8	-1.658	0.086	15	-1.51	0.042	159	-1.318	0.037	19	-1.199	0.047	2	-1.961	0.062	6	-1.6	0.061	25	-1.361	0.022	8	-1.271	0.038	9	-1.384	0.034	32	-1.143	0.015	8	-1.614	0.058	19	2	-
HIP92512	K Giant (III)	HD175306_FIE_1	HIP92512_FIES_1	HD175306	-	FIES	300	42000	65000	4464	23	1.78	0.06	1.33	0.05	4.98	1.6	0.0	-0.369	0.11	-0.459	0.151	-0.414	0.107	-0.494	0.153	-0.328	0.071	-0.516	0.016	-0.531	0.112	-0.25	0.247	-0.378	0.167	-0.357	0.126	-0.401	0.137	-0.369	0.11	9	-0.459	0.151	4	-0.414	0.107	6	-0.481	0.144	57	-0.618	0.241	6	-0.328	0.071	1	-0.516	0.016	2	-0.531	0.112	9	-0.25	0.247	4	-0.378	0.167	4	-0.325	0.09	8	-0.422	0.2	4	-0.401	0.137	12	1	-
HIP92984	F Dwarf (V)	HD175726_NAR_1	HIP92984_NARVAL_1	HD175726	-	NARVAL	1003	42000	68000	6070	62	4.48	0.03	1.38	0.06	5.81	1.6	0.0	-0.014	0.041	-0.175	0.058	-0.103	0.041	-0.081	0.04	-0.113	0.029	-0.186	0.035	-0.152	0.049	-0.144	0.03	-0.124	0.055	-0.095	0.046	-0.109	0.044	-0.014	0.041	34	-0.175	0.058	8	-0.103	0.041	18	-0.08	0.038	165	-0.094	0.059	18	-0.113	0.029	2	-0.186	0.035	6	-0.152	0.049	32	-0.144	0.03	8	-0.124	0.055	12	-0.086	0.048	26	-0.127	0.043	7	-0.109	0.044	19	2	-
HIP93427	F Dwarf (V)	HD177153_ELO_1	HIP93427_ELODIE_1	HD177153	-	ELODIE	329	42000	45000	6016	63	4.24	0.03	1.24	0.04	5.5	1.6	0.0	-0.05	0.03	-0.093	0.076	-0.11	0.022	-0.075	0.029	-0.076	0.036	-0.118	0.025	-0.114	0.026	-0.058	0.024	-0.078	0.021	-0.093	0.026	-0.104	0.036	-0.05	0.03	36	-0.093	0.076	18	-0.11	0.022	21	-0.077	0.03	191	-0.047	0.023	20	-0.076	0.036	2	-0.118	0.025	8	-0.114	0.026	36	-0.058	0.024	8	-0.078	0.021	12	-0.098	0.03	37	-0.068	0.01	8	-0.104	0.036	28	2	-
HIP93427	F Dwarf (V)	HD177153_ESP_1	HIP93427_ESPADONS_1	HD177153	-	ESPADONS	171	42000	68000	6016	63	4.24	0.03	1.24	0.04	5.5	1.6	0.0	-0.05	0.03	-0.093	0.076	-0.11	0.022	-0.075	0.029	-0.076	0.036	-0.118	0.025	-0.114	0.026	-0.058	0.024	-0.078	0.021	-0.093	0.026	-0.104	0.036	-0.05	0.03	36	-0.093	0.076	18	-0.11	0.022	21	-0.077	0.03	191	-0.047	0.023	20	-0.076	0.036	2	-0.118	0.025	8	-0.114	0.026	36	-0.058	0.024	8	-0.078	0.021	12	-0.098	0.03	37	-0.068	0.01	8	-0.104	0.036	28	2	-
HIP9440	K Giant (III)	HD12438_HAR_1	HIP9440_HARPS_1	HD12438	-	HARPS	367	42000	115000	4954	42	2.45	0.08	1.48	0.02	4.73	1.6	0.0	-0.56	0.038	-0.561	0.057	-0.706	0.022	-0.624	0.032	-0.384	0.038	-0.794	0.033	-0.653	0.032	-0.429	0.018	-0.501	0.022	-0.541	0.024	-0.658	0.027	-0.56	0.038	35	-0.561	0.057	18	-0.706	0.022	22	-0.633	0.031	184	-0.544	0.034	19	-0.384	0.038	2	-0.794	0.033	10	-0.653	0.032	34	-0.429	0.018	8	-0.501	0.022	9	-0.564	0.026	36	-0.419	0.011	7	-0.658	0.027	30	2	-
HIP9440	K Giant (III)	HD12438_UVE_1	HIP9440_UVES_1	HD12438	-	UVES	151	42000	107200	4954	42	2.45	0.08	1.48	0.02	4.73	1.6	0.0	-0.56	0.038	-0.561	0.057	-0.706	0.022	-0.624	0.032	-0.384	0.038	-0.794	0.033	-0.653	0.032	-0.429	0.018	-0.501	0.022	-0.541	0.024	-0.658	0.027	-0.56	0.038	35	-0.561	0.057	18	-0.706	0.022	22	-0.633	0.031	184	-0.544	0.034	19	-0.384	0.038	2	-0.794	0.033	10	-0.653	0.032	34	-0.429	0.018	8	-0.501	0.022	9	-0.564	0.026	36	-0.419	0.011	7	-0.658	0.027	30	2	-
HIP94755	F Subgiant (IV)	HD181096_ESP_1	HIP94755_ESPADONS_1	HD181096	-	ESPADONS	145	42000	68000	6390	51	3.94	0.03	1.71	0.05	8.4	1.6	0.0	-0.098	0.089	-0.218	0.071	-0.246	0.057	-0.191	0.054	-0.15	0.069	-0.273	0.047	-0.258	0.063	-0.134	0.025	-0.176	0.055	-0.115	0.034	-0.12	0.08	-0.098	0.089	17	-0.218	0.071	4	-0.246	0.057	11	-0.194	0.056	91	-0.171	0.036	10	-0.15	0.069	1	-0.273	0.047	4	-0.258	0.063	16	-0.134	0.025	4	-0.176	0.055	5	-0.113	0.033	13	-0.122	0.037	4	-0.12	0.08	8	1	-
HIP95362	G Subgiant (IV)	HD182736_ELO_1	HIP95362_ELODIE_1	HD182736	-	ELODIE	226	42000	45000	5268	18	3.77	0.07	1.04	0.03	3.44	1.6	0.0	-0.136	0.034	-0.137	0.045	-0.155	0.018	-0.163	0.026	-0.153	0.024	-0.194	0.018	-0.178	0.026	-0.088	0.022	-0.125	0.023	-0.114	0.023	-0.134	0.033	-0.136	0.034	53	-0.137	0.045	27	-0.155	0.018	39	-0.167	0.026	293	-0.129	0.028	30	-0.153	0.024	3	-0.194	0.018	15	-0.178	0.026	54	-0.088	0.022	12	-0.125	0.023	18	-0.117	0.024	55	-0.097	0.018	12	-0.134	0.033	45	3	-
HIP95362	G Subgiant (IV)	HD182736_ESP_1	HIP95362_ESPADONS_1	HD182736	-	ESPADONS	207	42000	68000	5268	18	3.77	0.07	1.04	0.03	3.44	1.6	0.0	-0.136	0.034	-0.137	0.045	-0.155	0.018	-0.163	0.026	-0.153	0.024	-0.194	0.018	-0.178	0.026	-0.088	0.022	-0.125	0.023	-0.114	0.023	-0.134	0.033	-0.136	0.034	53	-0.137	0.045	27	-0.155	0.018	39	-0.167	0.026	293	-0.129	0.028	30	-0.153	0.024	3	-0.194	0.018	15	-0.178	0.026	54	-0.088	0.022	12	-0.125	0.023	18	-0.117	0.024	55	-0.097	0.018	12	-0.134	0.033	45	3	-
HIP95362	G Subgiant (IV)	HD182736_NAR_1	HIP95362_NARVAL_1	HD182736	-	NARVAL	776	42000	68000	5268	18	3.77	0.07	1.04	0.03	3.44	1.6	0.0	-0.136	0.034	-0.137	0.045	-0.155	0.018	-0.163	0.026	-0.153	0.024	-0.194	0.018	-0.178	0.026	-0.088	0.022	-0.125	0.023	-0.114	0.023	-0.134	0.033	-0.136	0.034	53	-0.137	0.045	27	-0.155	0.018	39	-0.167	0.026	293	-0.129	0.028	30	-0.153	0.024	3	-0.194	0.018	15	-0.178	0.026	54	-0.088	0.022	12	-0.125	0.023	18	-0.117	0.024	55	-0.097	0.018	12	-0.134	0.033	45	3	-
HIP95447	G Dwarf (V)	HD182572_ESP_1	HIP95447_ESPADONS_1	HD182572	-	ESPADONS	1092	42000	68000	5673	84	4.22	0.04	1.16	0.02	3.4	1.6	0.0	0.363	0.027	0.466	0.041	0.419	0.025	0.381	0.026	0.407	0.013	0.442	0.022	0.429	0.019	0.416	0.034	0.4	0.021	0.426	0.032	0.47	0.029	0.363	0.027	74	0.466	0.041	46	0.419	0.025	65	0.387	0.026	435	0.325	0.023	50	0.407	0.013	5	0.442	0.022	25	0.429	0.019	84	0.416	0.034	20	0.4	0.021	28	0.439	0.032	85	0.37	0.029	20	0.47	0.029	72	5	-
HIP95447	G Dwarf (V)	HD182572_FER_1	HIP95447_FEROS_1	HD182572	-	FEROS	542	42000	48000	5673	84	4.22	0.04	1.16	0.02	3.4	1.6	0.0	0.363	0.027	0.466	0.041	0.419	0.025	0.381	0.026	0.407	0.013	0.442	0.022	0.429	0.019	0.416	0.034	0.4	0.021	0.426	0.032	0.47	0.029	0.363	0.027	74	0.466	0.041	46	0.419	0.025	65	0.387	0.026	435	0.325	0.023	50	0.407	0.013	5	0.442	0.022	25	0.429	0.019	84	0.416	0.034	20	0.4	0.021	28	0.439	0.032	85	0.37	0.029	20	0.47	0.029	72	5	-
HIP95447	G Dwarf (V)	HD182572_NAR_1	HIP95447_NARVAL_1	HD182572	-	NARVAL	1342	42000	68000	5673	84	4.22	0.04	1.16	0.02	3.4	1.6	0.0	0.363	0.027	0.466	0.041	0.419	0.025	0.381	0.026	0.407	0.013	0.442	0.022	0.429	0.019	0.416	0.034	0.4	0.021	0.426	0.032	0.47	0.029	0.363	0.027	74	0.466	0.041	46	0.419	0.025	65	0.387	0.026	435	0.325	0.023	50	0.407	0.013	5	0.442	0.022	25	0.429	0.019	84	0.416	0.034	20	0.4	0.021	28	0.439	0.032	85	0.37	0.029	20	0.47	0.029	72	5	-
HIP95447	G Dwarf (V)	HD182572_UVE_1	HIP95447_UVES_1	HD182572	-	UVES	315	42000	51690	5673	84	4.22	0.04	1.16	0.02	3.4	1.6	0.0	0.363	0.027	0.466	0.041	0.419	0.025	0.381	0.026	0.407	0.013	0.442	0.022	0.429	0.019	0.416	0.034	0.4	0.021	0.426	0.032	0.47	0.029	0.363	0.027	74	0.466	0.041	46	0.419	0.025	65	0.387	0.026	435	0.325	0.023	50	0.407	0.013	5	0.442	0.022	25	0.429	0.019	84	0.416	0.034	20	0.4	0.021	28	0.439	0.032	85	0.37	0.029	20	0.47	0.029	72	5	-
HIP96014	K Giant (III)	HD184293_CAF_1	HIP96014_CAFE_1	HD184293	-	CAFE	160	42000	62000	4336	42	1.79	0.05	1.56	0.03	4.8	1.6	0.0	-0.401	0.051	-0.24	0.09	-0.412	0.049	-0.368	0.075	-0.129	0.041	-0.331	0.044	-0.342	0.096	-0.26	0.13	-0.194	0.067	-0.301	0.062	-0.375	0.097	-0.401	0.051	25	-0.24	0.09	16	-0.412	0.049	20	-0.373	0.075	154	-0.324	0.076	17	-0.129	0.041	2	-0.331	0.044	6	-0.342	0.096	30	-0.26	0.13	8	-0.194	0.067	8	-0.285	0.078	20	-0.347	0.016	7	-0.375	0.097	22	2	-
HIP96014	K Giant (III)	HD184293_FIE_1	HIP96014_FIES_1	HD184293	-	FIES	234	42000	65000	4336	42	1.79	0.05	1.56	0.03	4.8	1.6	0.0	-0.401	0.051	-0.24	0.09	-0.412	0.049	-0.368	0.075	-0.129	0.041	-0.331	0.044	-0.342	0.096	-0.26	0.13	-0.194	0.067	-0.301	0.062	-0.375	0.097	-0.401	0.051	25	-0.24	0.09	16	-0.412	0.049	20	-0.373	0.075	154	-0.324	0.076	17	-0.129	0.041	2	-0.331	0.044	6	-0.342	0.096	30	-0.26	0.13	8	-0.194	0.067	8	-0.285	0.078	20	-0.347	0.016	7	-0.375	0.097	22	2	-
HIP96100	G Dwarf (V)	HD185144_ESP_1	HIP96100_ESPADONS_1	HD185144	-	ESPADONS	965	42000	68000	5289	24	4.56	0.02	0.81	0.02	3.29	1.6	0.0	-0.167	0.03	-0.211	0.039	-0.182	0.014	-0.208	0.028	-0.174	0.015	-0.22	0.015	-0.254	0.034	-0.24	0.036	-0.2	0.024	-0.15	0.036	-0.13	0.031	-0.167	0.03	45	-0.211	0.039	27	-0.182	0.014	37	-0.208	0.025	282	-0.206	0.061	30	-0.174	0.015	3	-0.22	0.015	14	-0.254	0.034	51	-0.24	0.036	12	-0.2	0.024	18	-0.137	0.037	55	-0.212	0.031	12	-0.13	0.031	42	3	-
HIP96100	G Dwarf (V)	HD185144_NAR_1	HIP96100_NARVAL_1	HD185144	-	NARVAL	1797	42000	68000	5289	24	4.56	0.02	0.81	0.02	3.29	1.6	0.0	-0.167	0.03	-0.211	0.039	-0.182	0.014	-0.208	0.028	-0.174	0.015	-0.22	0.015	-0.254	0.034	-0.24	0.036	-0.2	0.024	-0.15	0.036	-0.13	0.031	-0.167	0.03	45	-0.211	0.039	27	-0.182	0.014	37	-0.208	0.025	282	-0.206	0.061	30	-0.174	0.015	3	-0.22	0.015	14	-0.254	0.034	51	-0.24	0.036	12	-0.2	0.024	18	-0.137	0.037	55	-0.212	0.031	12	-0.13	0.031	42	3	-
HIP96441	F Dwarf (V)	HD185395_ESP_1	HIP96441_ESPADONS_1	HD185395	-	ESPADONS	523	42000	68000	6914	33	4.24	0.01	1.94	0.02	13.51	1.6	0.0	0.081	0.045	-0.008	0.076	0.004	0.03	0.033	0.029	-0.002	0.018	0.0	0.024	-0.02	0.035	-0.036	0.031	-0.006	0.023	0.061	0.029	0.076	0.048	0.081	0.045	53	-0.008	0.076	18	0.004	0.03	36	0.033	0.03	281	0.032	0.02	30	-0.002	0.018	3	0.0	0.024	9	-0.02	0.035	47	-0.036	0.031	12	-0.006	0.023	15	0.072	0.029	47	0.001	0.03	9	0.076	0.048	32	3	-
HIP96441	F Dwarf (V)	HD185395_NAR_1	HIP96441_NARVAL_1	HD185395	-	NARVAL	1010	42000	68000	6914	33	4.24	0.01	1.94	0.02	13.51	1.6	0.0	0.081	0.045	-0.008	0.076	0.004	0.03	0.033	0.029	-0.002	0.018	0.0	0.024	-0.02	0.035	-0.036	0.031	-0.006	0.023	0.061	0.029	0.076	0.048	0.081	0.045	53	-0.008	0.076	18	0.004	0.03	36	0.033	0.03	281	0.032	0.02	30	-0.002	0.018	3	0.0	0.024	9	-0.02	0.035	47	-0.036	0.031	12	-0.006	0.023	15	0.072	0.029	47	0.001	0.03	9	0.076	0.048	32	3	-
HIP96837	K Giant (III)	HD185958_HER_1	HIP96837_HERMES_1	HD185958	-	HERMES	244	42000	75000	4990	20	2.2	0.02	1.84	0.06	4.27	1.6	0.0	0.1	0.067	0.049	0.113	0.119	0.111	0.029	0.084	0.086	0.059	0.068	0.021	-0.006	0.063	-0.065	0.129	0.059	0.038	0.053	0.12	0.088	0.078	0.1	0.067	10	0.049	0.113	7	0.119	0.111	6	0.044	0.082	60	-0.085	0.098	8	0.086	0.059	1	0.068	0.021	2	-0.006	0.063	11	-0.065	0.129	3	0.059	0.038	3	0.065	0.109	11	0.01	0.162	3	0.088	0.078	13	1	-
HIP96895	G Dwarf (V)	HD186408_ESP_1	HIP96895_ESPADONS_1	HD186408	-	ESPADONS	986	42000	68000	5849	39	4.28	0.02	1.15	0.02	4.41	1.6	0.0	0.139	0.033	0.152	0.047	0.125	0.03	0.115	0.025	0.115	0.024	0.116	0.014	0.123	0.024	0.136	0.018	0.108	0.016	0.145	0.03	0.151	0.027	0.139	0.033	36	0.152	0.047	18	0.125	0.03	26	0.117	0.024	194	0.09	0.033	20	0.115	0.024	2	0.116	0.014	10	0.123	0.024	35	0.136	0.018	8	0.108	0.016	12	0.152	0.032	38	0.113	0.019	8	0.151	0.027	30	2	-
HIP96901	G Dwarf (V)	HD186427_ESP_1	HIP96901_ESPADONS_1	HD186427	-	ESPADONS	987	42000	68000	5807	36	4.35	0.02	1.1	0.02	4.24	1.6	0.0	0.105	0.029	0.12	0.04	0.096	0.02	0.094	0.021	0.089	0.017	0.086	0.017	0.1	0.019	0.128	0.02	0.102	0.011	0.12	0.022	0.12	0.023	0.105	0.029	54	0.12	0.04	27	0.096	0.02	38	0.094	0.02	295	0.096	0.023	30	0.089	0.017	3	0.086	0.017	15	0.1	0.019	54	0.128	0.02	12	0.102	0.011	18	0.123	0.022	56	0.105	0.019	12	0.12	0.023	45	3	-
HIP96901	G Dwarf (V)	HD186427_NAR_1	HIP96901_NARVAL_1	HD186427	-	NARVAL	1284	42000	68000	5807	36	4.35	0.02	1.1	0.02	4.24	1.6	0.0	0.105	0.029	0.12	0.04	0.096	0.02	0.094	0.021	0.089	0.017	0.086	0.017	0.1	0.019	0.128	0.02	0.102	0.011	0.12	0.022	0.12	0.023	0.105	0.029	54	0.12	0.04	27	0.096	0.02	38	0.094	0.02	295	0.096	0.023	30	0.089	0.017	3	0.086	0.017	15	0.1	0.019	54	0.128	0.02	12	0.102	0.011	18	0.123	0.022	56	0.105	0.019	12	0.12	0.023	45	3	-
HIP97527	F Dwarf (V)	HD187637_ESP_1	HIP97527_ESPADONS_1	HD187637	-	ESPADONS	135	42000	68000	6236	81	4.26	0.03	1.39	0.05	7.01	1.6	0.0	-0.076	0.057	-0.178	0.074	-0.189	0.051	-0.127	0.046	-0.11	0.068	-0.253	0.043	-0.196	0.059	-0.11	0.028	-0.138	0.056	-0.128	0.043	-0.163	0.1	-0.076	0.057	18	-0.178	0.074	7	-0.189	0.051	11	-0.131	0.047	99	-0.081	0.038	10	-0.11	0.068	1	-0.253	0.043	4	-0.196	0.059	18	-0.11	0.028	4	-0.138	0.056	6	-0.137	0.042	17	-0.093	0.048	4	-0.163	0.1	10	1	-
HIP98036	K Subgiant (IV)	HD188512_HAR_1	HIP98036_HARPS_1	HD188512	-	HARPS	1026	42000	115000	5090	15	3.63	0.08	1.05	0.02	3.61	1.6	0.0	-0.18	0.035	-0.161	0.048	-0.192	0.018	-0.204	0.028	-0.151	0.019	-0.237	0.024	-0.204	0.025	-0.099	0.032	-0.121	0.03	-0.145	0.024	-0.15	0.034	-0.18	0.035	49	-0.161	0.048	27	-0.192	0.018	36	-0.209	0.028	292	-0.157	0.029	29	-0.151	0.019	3	-0.237	0.024	15	-0.204	0.025	52	-0.099	0.032	12	-0.121	0.03	18	-0.153	0.025	55	-0.103	0.019	11	-0.15	0.034	45	3	-
HIP98036	K Subgiant (IV)	HD188512_NAR_1	HIP98036_NARVAL_1	HD188512	-	NARVAL	1215	42000	68000	5090	15	3.63	0.08	1.05	0.02	3.61	1.6	0.0	-0.18	0.035	-0.161	0.048	-0.192	0.018	-0.204	0.028	-0.151	0.019	-0.237	0.024	-0.204	0.025	-0.099	0.032	-0.121	0.03	-0.145	0.024	-0.15	0.034	-0.18	0.035	49	-0.161	0.048	27	-0.192	0.018	36	-0.209	0.028	292	-0.157	0.029	29	-0.151	0.019	3	-0.237	0.024	15	-0.204	0.025	52	-0.099	0.032	12	-0.121	0.03	18	-0.153	0.025	55	-0.103	0.019	11	-0.15	0.034	45	3	-
HIP98269	K Giant (III)	HD189349_ESP_1	HIP98269_ESPADONS_1	HD189349	-	ESPADONS	160	42000	68000	5175	31	2.39	0.04	1.43	0.03	4.7	1.6	0.0	-0.309	0.099	-0.326	0.1	-0.511	0.115	-0.494	0.073	-0.098	0.073	-0.653	0.033	-0.505	0.086	-0.388	0.034	-0.387	0.049	-0.205	0.068	-0.371	0.042	-0.309	0.099	17	-0.326	0.1	10	-0.511	0.115	11	-0.478	0.075	93	-0.645	0.053	10	-0.098	0.073	1	-0.653	0.033	4	-0.505	0.086	16	-0.388	0.034	4	-0.387	0.049	5	-0.178	0.078	16	-0.315	0.026	4	-0.371	0.042	14	1	-
HIP98337	K Bright Giant (II)	HD189319_ESP_1	HIP98337_ESPADONS_1	HD189319	gamSge	ESPADONS	424	42000	68000	3904	30	1.06	0.04	0.96	0.03	5.08	1.6	0.0	0.035	0.056	-0.273	0.073	-0.042	0.103	-0.181	0.103	-0.063	0.02	-0.039	0.021	-0.127	0.094	-0.331	0.053	0.066	0.205	0.038	0.06	0.474	0.223	0.035	0.056	47	-0.273	0.073	40	-0.042	0.103	35	-0.165	0.1	329	-0.343	0.135	33	-0.063	0.02	5	-0.039	0.021	6	-0.127	0.094	68	-0.331	0.053	15	0.066	0.205	14	0.193	0.081	25	-0.156	0.034	20	0.474	0.223	27	5	-
HIP98337	K Bright Giant (II)	HD189319_FER_1	HIP98337_FEROS_1	HD189319	gamSge	FEROS	85	42000	48000	3904	30	1.06	0.04	0.96	0.03	5.08	1.6	0.0	0.035	0.056	-0.273	0.073	-0.042	0.103	-0.181	0.103	-0.063	0.02	-0.039	0.021	-0.127	0.094	-0.331	0.053	0.066	0.205	0.038	0.06	0.474	0.223	0.035	0.056	47	-0.273	0.073	40	-0.042	0.103	35	-0.165	0.1	329	-0.343	0.135	33	-0.063	0.02	5	-0.039	0.021	6	-0.127	0.094	68	-0.331	0.053	15	0.066	0.205	14	0.193	0.081	25	-0.156	0.034	20	0.474	0.223	27	5	-
HIP98337	K Bright Giant (II)	HD189319_NAR_1	HIP98337_NARVAL_1	HD189319	gamSge	NARVAL	1045	42000	68000	3904	30	1.06	0.04	0.96	0.03	5.08	1.6	0.0	0.035	0.056	-0.273	0.073	-0.042	0.103	-0.181	0.103	-0.063	0.02	-0.039	0.021	-0.127	0.094	-0.331	0.053	0.066	0.205	0.038	0.06	0.474	0.223	0.035	0.056	47	-0.273	0.073	40	-0.042	0.103	35	-0.165	0.1	329	-0.343	0.135	33	-0.063	0.02	5	-0.039	0.021	6	-0.127	0.094	68	-0.331	0.053	15	0.066	0.205	14	0.193	0.081	25	-0.156	0.034	20	0.474	0.223	27	5	-
HIP98337	K Bright Giant (II)	HD189319_UVE_1	HIP98337_UVES_1	HD189319	gamSge	UVES	68	42000	48257	3904	30	1.06	0.04	0.96	0.03	5.08	1.6	0.0	0.035	0.056	-0.273	0.073	-0.042	0.103	-0.181	0.103	-0.063	0.02	-0.039	0.021	-0.127	0.094	-0.331	0.053	0.066	0.205	0.038	0.06	0.474	0.223	0.035	0.056	47	-0.273	0.073	40	-0.042	0.103	35	-0.165	0.1	329	-0.343	0.135	33	-0.063	0.02	5	-0.039	0.021	6	-0.127	0.094	68	-0.331	0.053	15	0.066	0.205	14	0.193	0.081	25	-0.156	0.034	20	0.474	0.223	27	5	-
HIP98624	K Giant (III)	HD188887_UVE_1	HIP98624_UVES_1	HD188887	-	UVES	363	42000	107200	4381	28	2.35	0.1	1.32	0.04	3.98	1.6	0.0	-0.059	0.057	0.101	0.078	-0.016	0.088	0.024	0.135	0.241	0.043	-0.036	0.03	0.039	0.094	0.027	0.217	0.223	0.196	0.024	0.113	-0.095	0.149	-0.059	0.057	10	0.101	0.078	8	-0.016	0.088	9	0.015	0.121	69	0.093	0.24	9	0.241	0.043	1	-0.036	0.03	2	0.039	0.094	14	0.027	0.217	4	0.223	0.196	3	0.016	0.106	11	0.045	0.132	4	-0.095	0.149	14	1	-
HIP98767	G Dwarf (V)	HD190360_ESP_1	HIP98767_ESPADONS_1	HD190360	-	ESPADONS	1028	42000	68000	5463	75	4.26	0.03	1.04	0.01	3.14	1.6	0.0	0.141	0.036	0.196	0.038	0.146	0.02	0.144	0.028	0.216	0.017	0.116	0.043	0.187	0.023	0.261	0.033	0.262	0.025	0.18	0.027	0.161	0.032	0.141	0.036	49	0.196	0.038	27	0.146	0.02	39	0.138	0.028	273	0.201	0.024	30	0.216	0.017	3	0.116	0.043	15	0.187	0.023	51	0.261	0.033	12	0.262	0.025	16	0.167	0.024	53	0.238	0.039	12	0.161	0.032	45	3	-
HIP98767	G Dwarf (V)	HD190360_NAR_1	HIP98767_NARVAL_1	HD190360	-	NARVAL	1053	42000	68000	5463	75	4.26	0.03	1.04	0.01	3.14	1.6	0.0	0.141	0.036	0.196	0.038	0.146	0.02	0.144	0.028	0.216	0.017	0.116	0.043	0.187	0.023	0.261	0.033	0.262	0.025	0.18	0.027	0.161	0.032	0.141	0.036	49	0.196	0.038	27	0.146	0.02	39	0.138	0.028	273	0.201	0.024	30	0.216	0.017	3	0.116	0.043	15	0.187	0.023	51	0.261	0.033	12	0.262	0.025	16	0.167	0.024	53	0.238	0.039	12	0.161	0.032	45	3	-
HIP98767	G Dwarf (V)	HD190360_UVE_1	HIP98767_UVES_1	HD190360	-	UVES	474	42000	107200	5463	75	4.26	0.03	1.04	0.01	3.14	1.6	0.0	0.141	0.036	0.196	0.038	0.146	0.02	0.144	0.028	0.216	0.017	0.116	0.043	0.187	0.023	0.261	0.033	0.262	0.025	0.18	0.027	0.161	0.032	0.141	0.036	49	0.196	0.038	27	0.146	0.02	39	0.138	0.028	273	0.201	0.024	30	0.216	0.017	3	0.116	0.043	15	0.187	0.023	51	0.261	0.033	12	0.262	0.025	16	0.167	0.024	53	0.238	0.039	12	0.161	0.032	45	3	-
HIP98819	G Dwarf (V)	HD190406_NAR_1	HIP98819_NARVAL_1	HD190406	-	NARVAL	1049	42000	68000	5825	50	4.35	0.02	1.1	0.03	4.45	1.6	0.0	-0.004	0.031	-0.094	0.038	-0.038	0.02	-0.022	0.029	-0.051	0.024	-0.081	0.054	-0.054	0.02	-0.02	0.024	0.004	0.019	-0.068	0.027	-0.112	0.036	-0.004	0.031	35	-0.094	0.038	18	-0.038	0.02	25	-0.03	0.029	194	0.058	0.028	20	-0.051	0.024	2	-0.081	0.054	8	-0.054	0.02	36	-0.02	0.024	8	0.004	0.019	12	-0.084	0.026	35	0.002	0.031	8	-0.112	0.036	30	2	-
HIP99663	K Bright Giant (II)	HD192781_CAF_1	HIP99663_CAFE_1	HD192781	-	CAFE	167	42000	62000	4084	25	1.4	0.04	1.15	0.02	4.93	1.6	0.0	-0.073	0.063	-0.261	0.101	-0.247	0.083	-0.264	0.13	-0.089	0.04	-0.198	0.013	-0.257	0.114	-0.297	0.098	-0.17	0.151	0.013	0.113	0.116	0.223	-0.073	0.063	20	-0.261	0.101	16	-0.247	0.083	14	-0.251	0.121	152	-0.404	0.227	14	-0.089	0.04	2	-0.198	0.013	4	-0.257	0.114	27	-0.297	0.098	6	-0.17	0.151	8	0.138	0.141	16	-0.272	0.047	7	0.116	0.223	20	2	-
HIP99663	K Bright Giant (II)	HD192781_HER_1	HIP99663_HERMES_1	HD192781	-	HERMES	294	42000	80000	4084	25	1.4	0.04	1.15	0.02	4.93	1.6	0.0	-0.073	0.063	-0.261	0.101	-0.247	0.083	-0.264	0.13	-0.089	0.04	-0.198	0.013	-0.257	0.114	-0.297	0.098	-0.17	0.151	0.013	0.113	0.116	0.223	-0.073	0.063	20	-0.261	0.101	16	-0.247	0.083	14	-0.251	0.121	152	-0.404	0.227	14	-0.089	0.04	2	-0.198	0.013	4	-0.257	0.114	27	-0.297	0.098	6	-0.17	0.151	8	0.138	0.141	16	-0.272	0.047	7	0.116	0.223	20	2	-
HIP102422	K Subgiant (IV)	HD198149_ELO_1	HIP102422_ELODIE_1	HD198149	-	ELODIE	1007	42000	45000	4751	73	3.15	0.05	1.0	0.01	3.99	1.6	0.0	-0.35	0.048	-0.302	0.058	-0.395	0.035	-0.318	0.046	-0.228	0.022	-0.435	0.087	-0.294	0.044	-0.2	0.044	-0.103	0.041	-0.386	0.056	-0.447	0.047	-0.35	0.048	32	-0.302	0.058	19	-0.395	0.035	26	-0.336	0.047	187	-0.134	0.033	18	-0.228	0.022	2	-0.435	0.087	10	-0.294	0.044	34	-0.2	0.044	8	-0.103	0.041	11	-0.424	0.062	35	-0.218	0.031	8	-0.447	0.047	30	2	-
HIP104214	K Dwarf (V)	HD201091_ELO_1	HIP104214_ELODIE_1	HD201091	61CygA	ELODIE	330	42000	45000	4398	34	4.63	0.01	0.2	0.39	4.14	1.6	0.0	-0.334	0.076	-0.249	0.094	-0.248	0.141	-0.321	0.144	-0.347	0.014	-0.404	0.038	-0.314	0.085	-0.33	0.139	-0.267	0.161	-0.278	0.127	-0.249	0.078	-0.334	0.076	12	-0.249	0.094	24	-0.248	0.141	27	-0.326	0.139	224	-0.223	0.244	13	-0.347	0.014	3	-0.404	0.038	11	-0.314	0.085	44	-0.33	0.139	12	-0.267	0.161	6	-0.285	0.133	37	-0.25	0.106	9	-0.249	0.078	47	3	-
HIP104217	K Dwarf (V)	HD201092_ELO_1	HIP104217_ELODIE_1	HD201092	61CygB	ELODIE	303	42000	45000	4174	47	4.68	0.02	0.2	0.5	4.65	1.6	0.0	-0.452	0.093	-0.31	0.176	-0.435	0.133	-0.591	0.209	-0.55	0.015	-0.564	0.074	-0.5	0.123	-0.47	0.234	0.132	0.043	-0.404	0.106	-0.46	0.078	-0.452	0.093	13	-0.31	0.176	24	-0.435	0.133	27	-0.591	0.209	222			0	-0.55	0.015	3	-0.564	0.074	9	-0.5	0.123	25	-0.47	0.234	11	0.132	0.043	3	-0.424	0.084	28	-0.343	0.174	9	-0.46	0.078	43	3	-
HIP104659	F Dwarf (V)	HD201891_ELO_1	HIP104659_ELODIE_1	HD201891	HD201891	ELODIE	146	42000	45000	6040	44	4.34	0.02	1.25	0.07	6.42	1.6	0.0	-0.791	0.031	-0.858	0.033	-1.052	0.025	-0.966	0.042	-0.644	0.035	-1.183	0.036	-0.989	0.05	-0.838	0.049	-0.82	0.032	-0.693	0.026	-0.76	0.046	-0.791	0.031	51	-0.858	0.033	7	-1.052	0.025	22	-0.964	0.043	233	-0.988	0.041	27	-0.644	0.035	3	-1.183	0.036	10	-0.989	0.05	35	-0.838	0.049	12	-0.82	0.032	17	-0.677	0.024	44	-0.749	0.034	12	-0.76	0.046	18	3	Indirect theta
HIP104659	F Dwarf (V)	HD201891_HER_1	HIP104659_HERMES_1	HD201891	HD201891	HERMES	171	42000	75000	6040	44	4.34	0.02	1.25	0.07	6.42	1.6	0.0	-0.791	0.031	-0.858	0.033	-1.052	0.025	-0.966	0.042	-0.644	0.035	-1.183	0.036	-0.989	0.05	-0.838	0.049	-0.82	0.032	-0.693	0.026	-0.76	0.046	-0.791	0.031	51	-0.858	0.033	7	-1.052	0.025	22	-0.964	0.043	233	-0.988	0.041	27	-0.644	0.035	3	-1.183	0.036	10	-0.989	0.05	35	-0.838	0.049	12	-0.82	0.032	17	-0.677	0.024	44	-0.749	0.034	12	-0.76	0.046	18	3	Indirect theta
HIP112440	K Giant (III)	HD215665_ELO_1	HIP112440_ELODIE_1	HD215665	-	ELODIE	202	42000	45000	4848	109	2.12	0.08	1.66	0.04	4.43	1.6	0.0	-0.006	0.037	-0.105	0.063	-0.049	0.046	-0.09	0.048	0.042	0.022	-0.097	0.012	-0.128	0.045	-0.065	0.06	-0.028	0.04	-0.069	0.057	-0.094	0.043	-0.006	0.037	33	-0.105	0.063	21	-0.049	0.046	20	-0.08	0.049	197	-0.163	0.046	26	0.042	0.022	3	-0.097	0.012	6	-0.128	0.045	37	-0.065	0.06	12	-0.028	0.04	11	-0.077	0.058	33	-0.04	0.054	10	-0.094	0.043	38	3	-
HIP112447	F Subgiant (IV)	HD215648_ELO_1	HIP112447_ELODIE_1	HD215648	-	ELODIE	591	42000	45000	6223	23	3.95	0.04	1.65	0.02	7.14	1.6	0.0	-0.198	0.034	-0.296	0.052	-0.299	0.027	-0.253	0.028	-0.188	0.018	-0.334	0.019	-0.282	0.033	-0.211	0.019	-0.243	0.055	-0.202	0.023	-0.209	0.046	-0.198	0.034	52	-0.296	0.052	17	-0.299	0.027	32	-0.255	0.029	273	-0.235	0.024	27	-0.188	0.018	3	-0.334	0.019	9	-0.282	0.033	48	-0.211	0.019	12	-0.243	0.055	18	-0.201	0.024	51	-0.208	0.021	12	-0.209	0.046	38	3	-
HIP112748	K Giant (III)	HD216131_ELO_1	HIP112748_ELODIE_1	HD216131	-	ELODIE	332	42000	45000	4961	40	2.85	0.03	1.41	0.02	4.01	1.6	0.0	-0.097	0.047	-0.145	0.064	-0.138	0.043	-0.127	0.042	-0.084	0.021	-0.184	0.065	-0.177	0.039	-0.083	0.057	-0.022	0.034	-0.153	0.055	-0.167	0.052	-0.097	0.047	32	-0.145	0.064	19	-0.138	0.043	25	-0.133	0.041	185	-0.073	0.046	20	-0.084	0.021	2	-0.184	0.065	10	-0.177	0.039	36	-0.083	0.057	8	-0.022	0.034	11	-0.171	0.055	35	-0.071	0.056	8	-0.167	0.052	29	2	-
HIP113357	G Dwarf (V)	HD217014_ELO_1	HIP113357_ELODIE_1	HD217014	-	ELODIE	1000	42000	45000	5746	72	4.33	0.02	1.16	0.02	3.91	1.6	0.0	0.143	0.023	0.203	0.031	0.165	0.015	0.164	0.019	0.151	0.014	0.177	0.022	0.201	0.013	0.212	0.018	0.203	0.013	0.153	0.018	0.159	0.019	0.143	0.023	82	0.203	0.031	45	0.165	0.015	60	0.161	0.019	471	0.2	0.019	48	0.151	0.014	5	0.177	0.022	24	0.201	0.013	89	0.212	0.018	20	0.203	0.013	28	0.146	0.019	90	0.19	0.018	19	0.159	0.019	74	5	-
HIP114622	K Dwarf (V)	HD219134_ELO_1	HIP114622_ELODIE_1	HD219134	-	ELODIE	319	42000	45000	4800	34	4.55	0.01	0.72	0.03	3.51	1.6	0.0	0.053	0.027	0.07	0.049	0.065	0.044	0.043	0.076	0.031	0.017	0.049	0.016	0.034	0.033	0.043	0.091	0.098	0.044	0.078	0.066	0.158	0.081	0.053	0.027	30	0.07	0.049	27	0.065	0.044	30	0.027	0.056	244	0.207	0.279	24	0.031	0.017	3	0.049	0.016	15	0.034	0.033	45	0.043	0.091	12	0.098	0.044	17	0.1	0.071	40	0.004	0.047	12	0.158	0.081	46	3	-
HIP114855	K Giant (III)	HD219449_ELO_1	HIP114855_ELODIE_1	HD219449	-	ELODIE	155	42000	45000	4631	69	2.32	0.11	1.4	0.02	4.26	1.6	0.0	-0.091	0.035	-0.099	0.061	-0.1	0.034	-0.123	0.048	0.081	0.023	-0.113	0.07	-0.136	0.039	-0.155	0.086	-0.002	0.039	-0.083	0.048	-0.108	0.077	-0.091	0.035	45	-0.099	0.061	27	-0.1	0.034	29	-0.117	0.048	237	-0.174	0.05	27	0.081	0.023	3	-0.113	0.07	11	-0.136	0.039	46	-0.155	0.086	12	-0.002	0.039	15	-0.079	0.044	42	-0.1	0.064	11	-0.108	0.077	47	3	-
HIP115949	K Bright Giant (II)	HD221170_ELO_1	HIP115949_ELODIE_1	HD221170	-	ELODIE	118	42000	45000	4380	19	1.22	0.02	1.42	0.04	6.38	1.6	0.0	-1.977	0.07	-2.36	0.069	-2.59	0.097	-2.228	0.059	-1.825	0.048	-2.808	0.194	-2.318	0.033	-1.951	0.016	-1.843	0.039	-2.122	0.061	-2.506	0.082	-1.977	0.07	31	-2.36	0.069	10	-2.59	0.097	12	-2.273	0.058	136	-1.886	0.069	18	-1.825	0.048	2	-2.808	0.194	6	-2.318	0.033	18	-1.951	0.016	8	-1.843	0.039	7	-2.228	0.069	31	-1.713	0.034	8	-2.506	0.082	17	2	-
HIP116771	F Dwarf (V)	HD222368_ELO_1	HIP116771_ELODIE_1	HD222368	-	ELODIE	1024	42000	45000	6169	56	4.09	0.02	1.49	0.02	6.58	1.6	0.0	-0.078	0.024	-0.196	0.039	-0.191	0.017	-0.136	0.02	-0.105	0.015	-0.205	0.017	-0.186	0.021	-0.083	0.013	-0.106	0.022	-0.119	0.017	-0.165	0.035	-0.078	0.024	86	-0.196	0.039	38	-0.191	0.017	53	-0.142	0.021	462	-0.079	0.015	48	-0.105	0.015	5	-0.205	0.017	15	-0.186	0.021	76	-0.083	0.013	20	-0.106	0.022	25	-0.128	0.018	76	-0.082	0.01	19	-0.165	0.035	61	5	-
HIP12114	K Dwarf (V)	HD16160_ELO_1	HIP12114_ELODIE_1	HD16160	-	ELODIE	159	42000	45000	4583	76	4.52	0.01	0.22	0.36	3.8	1.6	0.0	-0.313	0.033	-0.076	0.036	-0.268	0.075	-0.173	0.08	-0.052	0.015	-0.317	0.021	-0.123	0.033	-0.049	0.053	0.074	0.03	-0.141	0.092	-0.197	0.058	-0.313	0.033	56	-0.076	0.036	55	-0.268	0.075	64	-0.206	0.054	492	0.174	0.35	47	-0.052	0.015	6	-0.317	0.021	30	-0.123	0.033	88	-0.049	0.053	24	0.074	0.03	31	-0.169	0.105	86	-0.033	0.043	22	-0.197	0.058	85	6	-
HIP12530	F Dwarf (V)	HD16765_ELO_1	HIP12530_ELODIE_1	HD16765	-	ELODIE	450	42000	45000	6310	51	4.36	0.02	1.47	0.16	7.54	1.6	0.0	0.001	0.074	-0.143	0.079	-0.215	0.08	-0.108	0.078	-0.113	0.16	-0.1	0.075	-0.038	0.118	-0.187	0.063	-0.077	0.046	-0.197	0.072	0.113	0.247	0.001	0.074	19	-0.143	0.079	5	-0.215	0.08	9	-0.103	0.081	111	-0.178	0.038	8	-0.113	0.16	1	-0.1	0.075	8	-0.038	0.118	12	-0.187	0.063	8	-0.077	0.046	7	-0.218	0.096	11	-0.141	0.005	4	0.113	0.247	4	2	-
HIP12777	F Dwarf (V)	HD16895_ELO_1	HIP12777_ELODIE_1	HD16895	-	ELODIE	840	42000	45000	6206	23	4.26	0.01	1.44	0.03	6.71	1.6	0.0	-0.031	0.027	-0.179	0.067	-0.097	0.042	-0.054	0.032	-0.092	0.028	-0.139	0.044	-0.108	0.025	-0.049	0.036	-0.057	0.068	-0.093	0.03	-0.103	0.063	-0.031	0.027	33	-0.179	0.067	10	-0.097	0.042	22	-0.06	0.033	182	0.024	0.029	16	-0.092	0.028	2	-0.139	0.044	6	-0.108	0.025	32	-0.049	0.036	6	-0.057	0.068	12	-0.1	0.033	33	-0.056	0.014	6	-0.103	0.063	21	2	-
HIP14135	K Bright Giant (II)	HD18884_ELO_1	HIP14135_ELODIE_1	HD18884	alfCet	ELODIE	210	42000	45000	3738	170	0.66	0.07	0.64	0.03	5.77	1.6	0.0	-0.394	0.097	-0.725	0.082	-0.325	0.127	-0.569	0.169	-0.603	0.022	-0.757	0.21	-0.462	0.173	-0.605	0.13	-0.063	0.405	-0.201	0.116	0.071	0.285	-0.394	0.097	46	-0.725	0.082	34	-0.325	0.127	28	-0.558	0.167	318	-0.738	0.207	20	-0.603	0.022	5	-0.757	0.21	15	-0.462	0.173	58	-0.605	0.13	15	-0.063	0.405	14	-0.052	0.136	25	-0.397	0.089	19	0.071	0.285	39	5	-
HIP14632	G Dwarf (V)	HD19373_ELO_1	HIP14632_ELODIE_1	HD19373	-	ELODIE	184	42000	45000	5921	17	4.17	0.01	1.24	0.04	4.84	1.6	0.0	0.067	0.036	0.063	0.05	0.053	0.021	0.068	0.028	0.067	0.038	0.052	0.035	0.077	0.024	0.1	0.014	0.09	0.023	0.038	0.023	0.035	0.03	0.067	0.036	34	0.063	0.05	19	0.053	0.021	23	0.064	0.028	194	0.109	0.028	20	0.067	0.038	2	0.052	0.035	8	0.077	0.024	36	0.1	0.014	8	0.09	0.023	12	0.031	0.025	36	0.073	0.012	8	0.035	0.03	27	2	-
HIP14838	K Giant (III)	HD19787_ELO_1	HIP14838_ELODIE_1	HD19787	-	ELODIE	278	42000	45000	4703	161	2.36	0.23	1.4	0.02	4.22	1.6	0.0	-0.069	0.038	-0.114	0.055	-0.088	0.047	-0.099	0.048	0.026	0.031	-0.084	0.073	-0.111	0.035	-0.186	0.062	0.044	0.06	-0.172	0.063	-0.181	0.065	-0.069	0.038	45	-0.114	0.055	27	-0.088	0.047	33	-0.096	0.047	246	-0.119	0.057	29	0.026	0.031	3	-0.084	0.073	13	-0.111	0.035	48	-0.186	0.062	12	0.044	0.06	15	-0.186	0.06	48	-0.112	0.078	11	-0.181	0.065	42	3	-
HIP14954	G Subgiant (IV)	HD19994_ELO_1	HIP14954_ELODIE_1	HD19994	-	ELODIE	161	42000	45000	5912	59	4.0	0.04	1.39	0.03	4.86	1.6	0.0	0.073	0.024	-0.008	0.028	0.015	0.025	0.062	0.025	0.057	0.016	0.006	0.054	0.052	0.026	0.133	0.01	0.132	0.033	0.004	0.026	-0.046	0.034	0.073	0.024	72	-0.008	0.028	33	0.015	0.025	56	0.049	0.026	434	0.191	0.02	46	0.057	0.016	5	0.006	0.054	15	0.052	0.026	81	0.133	0.01	16	0.132	0.033	28	-0.024	0.027	81	0.123	0.022	19	-0.046	0.034	63	5	-
HIP15457	G Dwarf (V)	HD20630_ELO_1	HIP15457_ELODIE_1	HD20630	-	ELODIE	134	42000	45000	5786	87	4.5	0.04	1.23	0.04	4.15	1.6	0.0	0.118	0.03	0.017	0.034	0.105	0.021	0.083	0.024	0.016	0.017	0.054	0.018	0.033	0.017	-0.034	0.024	0.016	0.014	0.057	0.026	0.084	0.02	0.118	0.03	64	0.017	0.034	37	0.105	0.021	47	0.089	0.024	359	0.036	0.023	40	0.016	0.017	4	0.054	0.018	15	0.033	0.017	68	-0.034	0.024	16	0.016	0.014	20	0.075	0.027	67	-0.017	0.019	16	0.084	0.02	55	4	-
HIP16537	K Dwarf (V)	HD22049_ELO_1	HIP16537_ELODIE_1	HD22049	epsEri	ELODIE	91	42000	45000	5062	29	4.6	0.01	1.01	0.04	3.23	1.6	0.0	-0.058	0.026	-0.147	0.031	-0.079	0.019	-0.095	0.031	-0.164	0.013	-0.116	0.018	-0.178	0.033	-0.168	0.041	-0.1	0.022	-0.081	0.036	-0.06	0.026	-0.058	0.026	62	-0.147	0.031	45	-0.079	0.019	60	-0.103	0.025	430	-0.012	0.089	41	-0.164	0.013	5	-0.116	0.018	25	-0.178	0.033	79	-0.168	0.041	20	-0.1	0.022	28	-0.07	0.038	81	-0.13	0.026	19	-0.06	0.026	72	5	-
HIP16852	G Dwarf (V)	HD22484_ELO_1	HIP16852_ELODIE_1	HD22484	-	ELODIE	743	42000	45000	6000	59	4.06	0.03	1.38	0.02	5.45	1.6	0.0	-0.034	0.027	-0.087	0.033	-0.098	0.015	-0.067	0.019	-0.022	0.018	-0.113	0.017	-0.088	0.016	-0.048	0.01	-0.069	0.02	-0.067	0.017	-0.098	0.02	-0.034	0.027	68	-0.087	0.033	36	-0.098	0.015	45	-0.069	0.018	379	-0.057	0.02	40	-0.022	0.018	4	-0.113	0.017	15	-0.088	0.016	68	-0.048	0.01	16	-0.069	0.02	22	-0.071	0.017	67	-0.053	0.017	16	-0.098	0.02	52	4	-
HIP1686	F Subgiant (IV)	HD1671_ELO_1	HIP1686_ELODIE_1	HD1671	-	ELODIE	316	42000	45000	6674	34	3.69	0.04	2.28	0.18	11.11	1.6	0.0	0.064	0.134	0.002	0.19	-0.065	0.043	-0.07	0.067	-0.235	0.094	-0.036	0.158	0.021	0.141	-0.051	0.078	0.024	0.062	0.023	0.079	0.316	0.154	0.064	0.134	12	0.002	0.19	2	-0.065	0.043	5	-0.064	0.07	97	-0.195	0.02	5	-0.235	0.094	1	-0.036	0.158	8	0.021	0.141	11	-0.051	0.078	8	0.024	0.062	6	0.047	0.08	9	-0.083	0.074	2	0.316	0.154	3	2	-
HIP171	G Dwarf (V)	HD224930_ELO_1	HIP171_ELODIE_1	HD224930	-	ELODIE	458	42000	45000	5445	30	4.39	0.03	0.35	0.29	3.98	1.6	0.0	-0.518	0.04	-0.652	0.052	-0.725	0.035	-0.771	0.051	-0.405	0.03	-0.957	0.026	-0.778	0.038	-0.574	0.034	-0.557	0.028	-0.435	0.036	-0.616	0.032	-0.518	0.04	34	-0.652	0.052	18	-0.725	0.035	24	-0.777	0.049	187	-0.71	0.076	19	-0.405	0.03	2	-0.957	0.026	8	-0.778	0.038	32	-0.574	0.034	8	-0.557	0.028	10	-0.43	0.037	34	-0.453	0.032	8	-0.616	0.032	29	2	-
HIP17147	G Dwarf (V)	HD22879_ELO_1	HIP17147_ELODIE_1	HD22879	HD22879	ELODIE	200	42000	45000	5962	86	4.28	0.04	1.18	0.05	5.85	1.6	0.0	-0.532	0.02	-0.665	0.043	-0.819	0.021	-0.778	0.028	-0.404	0.015	-1.043	0.022	-0.791	0.03	-0.662	0.026	-0.596	0.026	-0.473	0.021	-0.643	0.026	-0.532	0.02	83	-0.665	0.043	43	-0.819	0.021	53	-0.774	0.029	464	-0.81	0.019	49	-0.404	0.015	5	-1.043	0.022	17	-0.791	0.03	84	-0.662	0.026	19	-0.596	0.026	25	-0.465	0.021	94	-0.509	0.02	20	-0.643	0.026	63	5	Indirect theta
HIP17378	K Subgiant (IV)	HD23249_ELO_1	HIP17378_ELODIE_1	HD23249	delEri	ELODIE	637	42000	45000	4954	38	3.79	0.1	0.92	0.02	3.57	1.6	0.0	0.008	0.039	0.097	0.055	0.027	0.022	0.04	0.04	0.052	0.019	0.029	0.05	0.072	0.026	0.134	0.059	0.161	0.047	0.037	0.049	0.059	0.06	0.008	0.039	46	0.097	0.055	28	0.027	0.022	39	0.031	0.04	266	0.118	0.038	28	0.052	0.019	3	0.029	0.05	14	0.072	0.026	50	0.134	0.059	12	0.161	0.047	17	0.026	0.054	52	0.084	0.026	12	0.059	0.06	42	3	-
HIP18859	F Dwarf (V)	HD25457_ELO_1	HIP18859_ELODIE_1	HD25457	-	ELODIE	424	42000	45000	6295	91	4.39	0.04	1.62	0.04	7.24	1.6	0.0	0.113	0.039	-0.063	0.045	0.012	0.04	0.06	0.039	-0.002	0.022	-0.014	0.009	0.038	0.037	-0.048	0.014	0.041	0.073	0.006	0.047	0.031	0.039	0.113	0.039	52	-0.063	0.045	15	0.012	0.04	35	0.06	0.04	288	0.053	0.032	33	-0.002	0.022	4	-0.014	0.009	8	0.038	0.037	54	-0.048	0.014	16	0.041	0.073	22	0.01	0.051	49	-0.022	0.016	7	0.031	0.039	35	4	-
HIP19849	K Dwarf (V)	HD26965_ELO_1	HIP19849_ELODIE_1	HD26965	-	ELODIE	108	42000	45000	5181	21	4.51	0.01	0.59	0.06	3.33	1.6	0.0	-0.073	0.029	-0.125	0.033	-0.173	0.036	-0.266	0.03	0.034	0.019	-0.34	0.02	-0.251	0.04	-0.081	0.027	-0.126	0.017	0.038	0.052	0.012	0.041	-0.073	0.029	55	-0.125	0.033	36	-0.173	0.036	52	-0.264	0.029	367	-0.286	0.047	35	0.034	0.019	4	-0.34	0.02	18	-0.251	0.04	65	-0.081	0.027	16	-0.126	0.017	24	0.067	0.055	71	-0.092	0.041	16	0.012	0.041	62	4	-
HIP21421	K Bright Giant (II)	HD29139_ELO_1	HIP21421_ELODIE_1	HD29139	alfTau	ELODIE	953	42000	45000	3921	80	1.17	0.05	0.85	0.02	5.03	1.6	0.0	-0.054	0.057	-0.314	0.072	-0.149	0.095	-0.236	0.111	-0.108	0.015	-0.218	0.081	-0.195	0.093	-0.245	0.066	-0.033	0.214	0.101	0.049	0.363	0.201	-0.054	0.057	45	-0.314	0.072	44	-0.149	0.095	33	-0.225	0.105	356	-0.359	0.179	31	-0.108	0.015	5	-0.218	0.081	15	-0.195	0.093	67	-0.245	0.066	15	-0.033	0.214	14	0.317	0.057	23	-0.16	0.038	19	0.363	0.201	39	5	-
HIP22449	F Dwarf (V)	HD30652_ELO_1	HIP22449_ELODIE_1	HD30652	-	ELODIE	550	42000	45000	6518	35	4.31	0.01	1.73	0.04	9.18	1.6	0.0	0.076	0.033	-0.032	0.04	0.005	0.041	0.051	0.033	-0.026	0.02	-0.017	0.01	0.026	0.033	-0.044	0.016	0.046	0.027	0.011	0.041	0.008	0.066	0.076	0.033	54	-0.032	0.04	9	0.005	0.041	36	0.05	0.035	298	0.058	0.019	34	-0.026	0.02	4	-0.017	0.01	8	0.026	0.033	54	-0.044	0.016	16	0.046	0.027	20	0.017	0.044	52	-0.034	0.019	7	0.008	0.066	35	4	-
HIP2413	K Giant (III)	HD2665_ELO_1	HIP2413_ELODIE_1	HD2665	-	ELODIE	299	42000	45000	4951	25	2.32	0.03	1.5	0.06	5.6	1.6	0.0	-1.848	0.044	-1.999	0.119	-2.213	0.089	-2.025	0.062	-1.852	0.073	-2.562	0.129	-2.177	0.07	-1.976	0.049	-1.874	0.041	-1.906	0.034	-1.835	0.422	-1.848	0.044	29	-1.999	0.119	4	-2.213	0.089	11	-2.047	0.064	117	-1.847	0.045	15	-1.852	0.073	2	-2.562	0.129	4	-2.177	0.07	12	-1.976	0.049	8	-1.874	0.041	4	-1.951	0.04	22	-1.763	0.016	7	-1.835	0.422	8	2	-
HIP24813	G Dwarf (V)	HD34411_ELO_1	HIP24813_ELODIE_1	HD34411	-	ELODIE	154	42000	45000	5823	45	4.2	0.02	1.23	0.02	4.38	1.6	0.0	0.065	0.032	0.042	0.039	0.034	0.02	0.053	0.027	0.064	0.024	0.03	0.038	0.048	0.022	0.096	0.016	0.088	0.02	0.038	0.026	0.004	0.034	0.065	0.032	34	0.042	0.039	20	0.034	0.02	25	0.049	0.027	200	0.096	0.028	20	0.064	0.024	2	0.03	0.038	10	0.048	0.022	36	0.096	0.016	8	0.088	0.02	12	0.029	0.025	36	0.078	0.033	8	0.004	0.034	31	2	-
HIP27435	G Dwarf (V)	HD38858_ELO_1	HIP27435_ELODIE_1	HD38858	-	ELODIE	240	42000	45000	5705	47	4.43	0.02	0.97	0.03	4.18	1.6	0.0	-0.199	0.025	-0.254	0.045	-0.238	0.015	-0.226	0.02	-0.206	0.017	-0.294	0.015	-0.268	0.02	-0.224	0.022	-0.225	0.018	-0.206	0.017	-0.252	0.022	-0.199	0.025	51	-0.254	0.045	29	-0.238	0.015	36	-0.228	0.02	287	-0.208	0.021	29	-0.206	0.017	3	-0.294	0.015	14	-0.268	0.02	53	-0.224	0.022	12	-0.225	0.018	18	-0.206	0.018	52	-0.203	0.013	11	-0.252	0.022	42	3	-
HIP27913	G Dwarf (V)	HD39587_ELO_1	HIP27913_ELODIE_1	HD39587	-	ELODIE	665	42000	45000	5883	63	4.47	0.02	1.31	0.03	4.77	1.6	0.0	-0.049	0.023	-0.201	0.032	-0.097	0.021	-0.076	0.021	-0.137	0.017	-0.177	0.032	-0.153	0.019	-0.129	0.025	-0.081	0.021	-0.113	0.023	-0.135	0.026	-0.049	0.023	61	-0.201	0.032	21	-0.097	0.021	44	-0.083	0.021	352	-0.014	0.025	36	-0.137	0.017	4	-0.177	0.032	12	-0.153	0.019	63	-0.129	0.025	12	-0.081	0.021	22	-0.121	0.026	68	-0.081	0.012	16	-0.135	0.026	51	4	-
HIP28011	K Giant (III)	HD39910_ELO_1	HIP28011_ELODIE_1	HD39910	-	ELODIE	144	42000	45000	4565	33	2.5	0.05	1.33	0.02	3.91	1.6	0.0	0.061	0.054	0.137	0.08	0.092	0.055	0.056	0.073	0.218	0.039	0.159	0.015	0.123	0.058	0.048	0.142	0.244	0.118	0.111	0.079	0.111	0.139	0.061	0.054	22	0.137	0.08	18	0.092	0.055	20	0.055	0.074	158	0.065	0.067	18	0.218	0.039	2	0.159	0.015	5	0.123	0.058	32	0.048	0.142	8	0.244	0.118	12	0.114	0.072	25	0.1	0.102	8	0.111	0.139	24	2	-
HIP28011	K Giant (III)	HD39910_HER_1	HIP28011_HERMES_1	HD39910	-	HERMES	267	42000	75000	4565	33	2.5	0.05	1.33	0.02	3.91	1.6	0.0	0.061	0.054	0.137	0.08	0.092	0.055	0.056	0.073	0.218	0.039	0.159	0.015	0.123	0.058	0.048	0.142	0.244	0.118	0.111	0.079	0.111	0.139	0.061	0.054	22	0.137	0.08	18	0.092	0.055	20	0.055	0.074	158	0.065	0.067	18	0.218	0.039	2	0.159	0.015	5	0.123	0.058	32	0.048	0.142	8	0.244	0.118	12	0.114	0.072	25	0.1	0.102	8	0.111	0.139	24	2	-
HIP28139	K Giant (III)	HD40020_ELO_1	HIP28139_ELODIE_1	HD40020	-	ELODIE	147	42000	45000	4671	59	2.57	0.09	1.36	0.03	3.95	1.6	0.0	0.034	0.051	0.094	0.08	0.072	0.046	0.016	0.068	0.154	0.044	0.118	0.089	0.064	0.052	-0.006	0.115	0.163	0.1	0.051	0.083	0.096	0.108	0.034	0.051	26	0.094	0.08	18	0.072	0.046	22	0.022	0.064	157	-0.038	0.098	19	0.154	0.044	2	0.118	0.089	7	0.064	0.052	32	-0.006	0.115	8	0.163	0.1	12	0.05	0.079	29	0.056	0.098	8	0.096	0.108	28	2	-
HIP28139	K Giant (III)	HD40020_HER_1	HIP28139_HERMES_1	HD40020	-	HERMES	173	42000	75000	4671	59	2.57	0.09	1.36	0.03	3.95	1.6	0.0	0.034	0.051	0.094	0.08	0.072	0.046	0.016	0.068	0.154	0.044	0.118	0.089	0.064	0.052	-0.006	0.115	0.163	0.1	0.051	0.083	0.096	0.108	0.034	0.051	26	0.094	0.08	18	0.072	0.046	22	0.022	0.064	157	-0.038	0.098	19	0.154	0.044	2	0.118	0.089	7	0.064	0.052	32	-0.006	0.115	8	0.163	0.1	12	0.05	0.079	29	0.056	0.098	8	0.096	0.108	28	2	-
HIP29575	K Giant (III)	HD43023_ELO_1	HIP29575_ELODIE_1	HD43023	-	ELODIE	136	42000	45000	5043	43	2.96	0.08	1.4	0.02	3.96	1.6	0.0	-0.098	0.042	-0.104	0.068	-0.118	0.036	-0.123	0.043	-0.078	0.041	-0.157	0.048	-0.168	0.037	-0.08	0.049	-0.059	0.034	-0.096	0.046	-0.105	0.05	-0.098	0.042	32	-0.104	0.068	19	-0.118	0.036	22	-0.124	0.043	188	-0.112	0.043	19	-0.078	0.041	2	-0.157	0.048	10	-0.168	0.037	36	-0.08	0.049	8	-0.059	0.034	11	-0.105	0.046	37	-0.048	0.045	7	-0.105	0.05	29	2	-
HIP3031	K Giant (III)	HD3546_ELO_1	HIP3031_ELODIE_1	HD3546	-	ELODIE	301	42000	45000	4909	111	2.44	0.11	1.37	0.02	4.73	1.6	0.0	-0.497	0.044	-0.551	0.055	-0.728	0.027	-0.62	0.037	-0.261	0.039	-0.908	0.055	-0.645	0.026	-0.384	0.011	-0.38	0.025	-0.449	0.023	-0.645	0.037	-0.497	0.044	32	-0.551	0.055	18	-0.728	0.027	24	-0.631	0.037	191	-0.51	0.036	19	-0.261	0.039	2	-0.908	0.055	8	-0.645	0.026	32	-0.384	0.011	8	-0.38	0.025	10	-0.487	0.023	33	-0.292	0.021	8	-0.645	0.037	30	2	-
HIP3093	G Dwarf (V)	HD3651_ELO_1	HIP3093_ELODIE_1	HD3651	-	ELODIE	178	42000	45000	5297	31	4.52	0.02	0.92	0.03	2.91	1.6	0.0	0.201	0.029	0.209	0.05	0.223	0.026	0.144	0.033	0.19	0.019	0.228	0.025	0.156	0.029	0.146	0.049	0.157	0.031	0.221	0.042	0.313	0.051	0.201	0.029	37	0.209	0.05	27	0.223	0.026	39	0.152	0.031	273	0.078	0.053	30	0.19	0.019	3	0.228	0.025	15	0.156	0.029	51	0.146	0.049	12	0.157	0.031	18	0.246	0.042	50	0.115	0.038	12	0.313	0.051	47	3	-
HIP32851	F Dwarf (V)	HD49933_ELO_1	HIP32851_ELODIE_1	HD49933	HD49933	ELODIE	325	42000	45000	6628	89	4.19	0.04	1.71	0.05	10.79	1.6	0.0	-0.353	0.039	-0.5	0.073	-0.53	0.045	-0.438	0.028	-0.366	0.023	-0.551	0.019	-0.479	0.028	-0.414	0.017	-0.396	0.031	-0.344	0.032	-0.337	0.052	-0.353	0.039	70	-0.5	0.073	10	-0.53	0.045	31	-0.445	0.029	320	-0.377	0.021	35	-0.366	0.023	4	-0.551	0.019	11	-0.479	0.028	59	-0.414	0.017	12	-0.396	0.031	18	-0.339	0.038	50	-0.366	0.008	11	-0.337	0.052	25	4	-
HIP36732	K Giant (III)	HD60341_ELO_1	HIP36732_ELODIE_1	HD60341	-	ELODIE	191	42000	45000	4563	53	2.4	0.08	1.33	0.03	4.09	1.6	0.0	-0.069	0.056	0.011	0.079	-0.048	0.047	-0.045	0.065	0.105	0.041	-0.019	0.082	0.004	0.049	-0.052	0.113	0.123	0.086	-0.04	0.06	-0.089	0.107	-0.069	0.056	25	0.011	0.079	18	-0.048	0.047	19	-0.052	0.065	156	0.017	0.057	17	0.105	0.041	2	-0.019	0.082	8	0.004	0.049	32	-0.052	0.113	8	0.123	0.086	11	-0.047	0.058	27	-0.012	0.067	7	-0.089	0.107	28	2	-
HIP37279	F Subgiant (IV)	HD61421_ELO_1	HIP37279_ELODIE_1	HD61421	Procyon	ELODIE	1029	42000	45000	6582	5	3.98	0.02	1.99	0.02	9.98	1.6	0.0	0.019	0.044	-0.038	0.04	-0.102	0.022	-0.034	0.021	0.01	0.014	-0.065	0.027	-0.057	0.018	0.015	0.017	0.002	0.031	-0.019	0.019	-0.01	0.046	0.019	0.044	88	-0.038	0.04	37	-0.102	0.022	54	-0.042	0.022	453	0.041	0.016	49	0.01	0.014	5	-0.065	0.027	15	-0.057	0.018	77	0.015	0.017	20	0.002	0.031	24	-0.023	0.021	74	-0.0	0.01	15	-0.01	0.046	61	5	-
HIP3765	K Dwarf (V)	HD4628_ELO_1	HIP3765_ELODIE_1	HD4628	-	ELODIE	159	42000	45000	5093	33	4.64	0.01	0.74	0.04	3.37	1.6	0.0	-0.143	0.026	-0.176	0.04	-0.168	0.027	-0.253	0.035	-0.161	0.017	-0.215	0.025	-0.264	0.029	-0.23	0.043	-0.263	0.021	-0.065	0.064	-0.001	0.047	-0.143	0.026	50	-0.176	0.04	36	-0.168	0.027	45	-0.249	0.033	348	-0.291	0.057	32	-0.161	0.017	4	-0.215	0.025	19	-0.264	0.029	60	-0.23	0.043	16	-0.263	0.021	23	-0.024	0.069	68	-0.254	0.042	15	-0.001	0.047	58	4	-
HIP37826	K Giant (III)	HD62509_ELO_1	HIP37826_ELODIE_1	HD62509	betGem	ELODIE	373	42000	45000	4810	14	2.55	0.03	1.35	0.02	4.11	1.6	0.0	-0.002	0.03	-0.089	0.049	-0.021	0.035	-0.08	0.035	0.037	0.015	-0.078	0.066	-0.11	0.026	-0.171	0.047	0.006	0.041	-0.099	0.047	-0.078	0.047	-0.002	0.03	78	-0.089	0.049	47	-0.021	0.035	62	-0.069	0.034	433	-0.175	0.041	49	0.037	0.015	5	-0.078	0.066	25	-0.11	0.026	87	-0.171	0.047	20	0.006	0.041	27	-0.092	0.043	83	-0.128	0.064	19	-0.078	0.047	73	5	-
HIP40843	F Dwarf (V)	HD69897_ELO_1	HIP40843_ELODIE_1	HD69897	-	ELODIE	610	42000	45000	6203	57	4.17	0.02	1.42	0.03	6.97	1.6	0.0	-0.245	0.04	-0.335	0.058	-0.372	0.036	-0.306	0.032	-0.236	0.028	-0.416	0.033	-0.373	0.031	-0.285	0.024	-0.269	0.041	-0.287	0.025	-0.345	0.057	-0.245	0.04	34	-0.335	0.058	16	-0.372	0.036	24	-0.313	0.032	188	-0.247	0.024	20	-0.236	0.028	2	-0.416	0.033	7	-0.373	0.031	33	-0.285	0.024	8	-0.269	0.041	11	-0.299	0.028	33	-0.238	0.013	8	-0.345	0.057	23	2	-
HIP4151	F Dwarf (V)	HD5015_ELO_1	HIP4151_ELODIE_1	HD5015	-	ELODIE	562	42000	45000	6033	37	4.03	0.03	1.4	0.02	5.57	1.6	0.0	0.071	0.036	-0.048	0.042	-0.025	0.022	0.013	0.029	0.004	0.03	-0.064	0.038	-0.023	0.02	0.033	0.013	0.03	0.031	-0.008	0.027	-0.036	0.045	0.071	0.036	35	-0.048	0.042	16	-0.025	0.022	22	0.008	0.029	188	0.053	0.029	20	0.004	0.03	2	-0.064	0.038	6	-0.023	0.02	31	0.033	0.013	8	0.03	0.031	10	-0.017	0.029	33	0.03	0.02	8	-0.036	0.045	28	2	-
HIP4257	K Giant (III)	HD5268_ELO_1	HIP4257_ELODIE_1	HD5268	-	ELODIE	313	42000	45000	4944	116	2.36	0.18	1.42	0.03	4.68	1.6	0.0	-0.403	0.047	-0.421	0.062	-0.55	0.035	-0.491	0.034	-0.251	0.044	-0.65	0.026	-0.539	0.036	-0.361	0.017	-0.401	0.025	-0.388	0.031	-0.473	0.033	-0.403	0.047	34	-0.421	0.062	20	-0.55	0.035	25	-0.49	0.034	190	-0.498	0.037	20	-0.251	0.044	2	-0.65	0.026	10	-0.539	0.036	35	-0.361	0.017	8	-0.401	0.025	11	-0.396	0.036	36	-0.351	0.007	8	-0.473	0.033	34	2	-
HIP43587	K Dwarf (V)	HD75732_ELO_1	HIP43587_ELODIE_1	HD75732	-	ELODIE	834	42000	45000	5169	44	4.41	0.02	0.91	0.02	2.73	1.6	0.0	0.245	0.027	0.355	0.038	0.274	0.015	0.277	0.032	0.278	0.013	0.338	0.041	0.362	0.014	0.335	0.054	0.434	0.04	0.265	0.041	0.297	0.044	0.245	0.027	60	0.355	0.038	47	0.274	0.015	60	0.269	0.031	427	0.347	0.036	48	0.278	0.013	5	0.338	0.041	25	0.362	0.014	84	0.335	0.054	20	0.434	0.04	28	0.25	0.04	78	0.33	0.049	19	0.297	0.044	71	5	-
HIP43813	K Giant (III)	HD76294_ELO_1	HIP43813_ELODIE_1	HD76294	-	ELODIE	177	42000	45000	4836	14	2.49	0.04	1.57	0.02	4.27	1.6	0.0	-0.193	0.059	-0.186	0.07	-0.206	0.054	-0.188	0.047	-0.129	0.033	-0.274	0.087	-0.238	0.049	-0.171	0.068	-0.063	0.037	-0.22	0.062	-0.241	0.062	-0.193	0.059	33	-0.186	0.07	19	-0.206	0.054	24	-0.192	0.047	175	-0.148	0.048	19	-0.129	0.033	2	-0.274	0.087	10	-0.238	0.049	33	-0.171	0.068	8	-0.063	0.037	10	-0.232	0.064	34	-0.168	0.053	8	-0.241	0.062	30	2	-
HIP45343	K Dwarf (V)	HD79210_ELO_1	HIP45343_ELODIE_1	HD79210	-	ELODIE	323	42000	45000	3997	34	4.69	0.02	0.2	0.5	5.14	1.6	0.0	-0.394	0.119	-0.241	0.229	-0.426	0.118	-0.532	0.227	-0.52	0.017	-0.474	0.1	-0.432	0.133	-0.518	0.307	0.524	0.039	-0.486	0.12	-0.578	0.087	-0.394	0.119	12	-0.241	0.229	21	-0.426	0.118	26	-0.532	0.227	218			0	-0.52	0.017	3	-0.474	0.1	9	-0.432	0.133	23	-0.518	0.307	10	0.524	0.039	3	-0.576	0.115	29	-0.158	0.137	8	-0.578	0.087	40	3	-
HIP46853	F Subgiant (IV)	HD82328_ELO_1	HIP46853_ELODIE_1	HD82328	-	ELODIE	273	42000	45000	6217	44	3.83	0.05	1.76	0.03	7.14	1.6	0.0	-0.143	0.054	-0.301	0.039	-0.299	0.05	-0.238	0.035	-0.196	0.02	-0.355	0.053	-0.314	0.036	-0.143	0.025	-0.219	0.08	-0.177	0.039	-0.236	0.087	-0.143	0.054	34	-0.301	0.039	8	-0.299	0.05	22	-0.249	0.036	181	-0.125	0.027	18	-0.196	0.02	2	-0.355	0.053	6	-0.314	0.036	29	-0.143	0.025	8	-0.219	0.08	12	-0.193	0.045	33	-0.111	0.017	8	-0.236	0.087	21	2	-
HIP47080	G Dwarf (V)	HD82885_ELO_1	HIP47080_ELODIE_1	HD82885	-	ELODIE	184	42000	45000	5452	46	4.44	0.02	1.12	0.04	2.99	1.6	0.0	0.26	0.039	0.248	0.059	0.255	0.033	0.234	0.035	0.197	0.036	0.247	0.061	0.27	0.027	0.223	0.049	0.318	0.045	0.205	0.041	0.242	0.039	0.26	0.039	27	0.248	0.059	18	0.255	0.033	26	0.23	0.035	180	0.269	0.036	20	0.197	0.036	2	0.247	0.061	9	0.27	0.027	36	0.223	0.049	8	0.318	0.045	12	0.203	0.039	36	0.217	0.049	8	0.242	0.039	29	2	-
HIP47908	G Giant (III)	HD84441_ELO_1	HIP47908_ELODIE_1	HD84441	-	ELODIE	373	42000	45000	5314	17	2.36	0.05	2.14	0.03	4.42	1.6	0.0	-0.111	0.051	-0.206	0.045	-0.211	0.043	-0.163	0.032	-0.104	0.021	-0.255	0.018	-0.247	0.025	-0.051	0.027	-0.085	0.024	-0.167	0.034	-0.208	0.045	-0.111	0.051	38	-0.206	0.045	23	-0.211	0.043	32	-0.173	0.032	246	-0.059	0.036	24	-0.104	0.021	3	-0.255	0.018	9	-0.247	0.025	44	-0.051	0.027	12	-0.085	0.024	12	-0.201	0.036	44	-0.042	0.027	12	-0.208	0.045	40	3	-
HIP48455	K Giant (III)	HD85503_ELO_1	HIP48455_ELODIE_1	HD85503	muLeo	ELODIE	291	42000	45000	4519	23	2.43	0.06	1.25	0.02	3.79	1.6	0.0	0.276	0.046	0.33	0.062	0.285	0.045	0.19	0.063	0.393	0.018	0.371	0.017	0.322	0.058	0.124	0.051	0.417	0.113	0.326	0.064	0.381	0.114	0.276	0.046	42	0.33	0.062	32	0.285	0.045	35	0.198	0.063	292	0.114	0.058	34	0.393	0.018	4	0.371	0.017	5	0.322	0.058	61	0.124	0.051	12	0.417	0.113	19	0.355	0.053	35	0.261	0.089	16	0.381	0.114	43	4	-
HIP49081	G Dwarf (V)	HD86728_ELO_1	HIP49081_ELODIE_1	HD86728	-	ELODIE	131	42000	45000	5610	46	4.25	0.02	1.1	0.03	3.52	1.6	0.0	0.118	0.039	0.123	0.046	0.1	0.025	0.119	0.034	0.119	0.027	0.088	0.056	0.15	0.024	0.198	0.029	0.209	0.027	0.093	0.035	0.068	0.029	0.118	0.039	32	0.123	0.046	20	0.1	0.025	26	0.11	0.035	194	0.211	0.03	20	0.119	0.027	2	0.088	0.056	9	0.15	0.024	36	0.198	0.029	8	0.209	0.027	12	0.074	0.031	37	0.18	0.054	8	0.068	0.029	32	2	-
HIP50564	F Dwarf (V)	HD89449_ELO_1	HIP50564_ELODIE_1	HD89449	-	ELODIE	274	42000	45000	6385	120	4.12	0.05	1.71	0.04	8.05	1.6	0.0	0.081	0.036	-0.026	0.021	-0.034	0.045	0.035	0.036	0.019	0.02	-0.031	0.012	0.023	0.031	0.047	0.011	0.097	0.023	0.012	0.045	-0.021	0.066	0.081	0.036	56	-0.026	0.021	10	-0.034	0.045	34	0.027	0.038	292	0.102	0.026	35	0.019	0.02	4	-0.031	0.012	8	0.023	0.031	54	0.047	0.011	16	0.097	0.023	20	0.007	0.051	47	0.047	0.005	7	-0.021	0.066	32	4	-
HIP5336	G Dwarf (V)	HD6582_ELO_1	HIP5336_ELODIE_1	HD6582	muCas	ELODIE	643	42000	45000	5358	31	4.49	0.01	0.3	0.22	3.89	1.6	0.0	-0.608	0.032	-0.684	0.048	-0.75	0.027	-0.811	0.043	-0.435	0.021	-0.97	0.013	-0.812	0.041	-0.633	0.024	-0.598	0.02	-0.47	0.037	-0.617	0.023	-0.608	0.032	49	-0.684	0.048	29	-0.75	0.027	35	-0.815	0.039	284	-0.768	0.078	30	-0.435	0.021	3	-0.97	0.013	12	-0.812	0.041	48	-0.633	0.024	12	-0.598	0.02	18	-0.458	0.038	50	-0.518	0.032	12	-0.617	0.023	47	3	-
HIP544	G Dwarf (V)	HD166_ELO_1	HIP544_ELODIE_1	HD166	-	ELODIE	115	42000	45000	5378	40	4.46	0.02	1.18	0.03	3.15	1.6	0.0	0.039	0.032	-0.095	0.037	0.003	0.021	0.0	0.029	-0.056	0.018	-0.059	0.059	-0.047	0.024	-0.062	0.041	0.041	0.02	-0.064	0.03	-0.072	0.027	0.039	0.032	43	-0.095	0.037	27	0.003	0.021	39	-0.007	0.029	259	0.071	0.03	28	-0.056	0.018	3	-0.059	0.059	12	-0.047	0.024	51	-0.062	0.041	12	0.041	0.02	14	-0.077	0.03	55	-0.002	0.03	12	-0.072	0.027	45	3	-
HIP54539	K Giant (III)	HD96833_ELO_1	HIP54539_ELODIE_1	HD96833	-	ELODIE	117	42000	45000	4543	6	2.12	0.05	1.46	0.02	4.41	1.6	0.0	-0.159	0.057	-0.172	0.075	-0.149	0.055	-0.161	0.059	-0.062	0.023	-0.137	0.077	-0.175	0.045	-0.177	0.104	-0.024	0.085	-0.177	0.064	-0.216	0.109	-0.159	0.057	26	-0.172	0.075	18	-0.149	0.055	22	-0.161	0.058	158	-0.153	0.062	18	-0.062	0.023	2	-0.137	0.077	7	-0.175	0.045	30	-0.177	0.104	8	-0.024	0.085	11	-0.182	0.055	26	-0.161	0.091	8	-0.216	0.109	28	2	-
HIP5458	K Giant (III)	HD6833_ELO_1	HIP5458_ELODIE_1	HD6833	-	ELODIE	138	42000	45000	4447	42	1.83	0.02	1.46	0.02	5.15	1.6	0.0	-0.748	0.044	-0.877	0.062	-0.887	0.054	-0.752	0.046	-0.636	0.042	-1.096	0.102	-0.927	0.059	-0.735	0.051	-0.618	0.041	-0.79	0.045	-0.962	0.068	-0.748	0.044	32	-0.877	0.062	20	-0.887	0.054	26	-0.769	0.045	190	-0.574	0.056	18	-0.636	0.042	2	-1.096	0.102	7	-0.927	0.059	33	-0.735	0.051	8	-0.618	0.041	10	-0.826	0.05	39	-0.611	0.022	8	-0.962	0.068	28	2	-
HIP55219	K Bright Giant (II)	HD98262_ELO_1	HIP55219_ELODIE_1	HD98262	-	ELODIE	150	42000	45000	4187	61	1.38	0.1	1.45	0.02	4.99	1.6	0.0	-0.164	0.062	-0.276	0.09	-0.248	0.048	-0.258	0.085	-0.076	0.023	-0.215	0.024	-0.294	0.119	-0.251	0.109	-0.168	0.083	-0.166	0.053	-0.208	0.146	-0.164	0.062	19	-0.276	0.09	16	-0.248	0.048	14	-0.253	0.085	145	-0.313	0.08	14	-0.076	0.023	2	-0.215	0.024	4	-0.294	0.119	30	-0.251	0.109	6	-0.168	0.083	8	-0.133	0.063	14	-0.224	0.035	8	-0.208	0.146	21	2	-
HIP57757	F Dwarf (V)	HD102870_ELO_1	HIP57757_ELODIE_1	HD102870	betVir	ELODIE	102	42000	45000	6093	13	4.08	0.02	1.45	0.03	5.79	1.6	0.0	0.146	0.023	0.094	0.025	0.093	0.015	0.126	0.018	0.107	0.014	0.107	0.021	0.125	0.013	0.153	0.01	0.125	0.02	0.099	0.017	0.077	0.02	0.146	0.023	104	0.094	0.025	57	0.093	0.015	63	0.122	0.019	561	0.168	0.011	59	0.107	0.014	6	0.107	0.021	23	0.125	0.013	101	0.153	0.01	23	0.125	0.02	34	0.09	0.018	104	0.141	0.012	23	0.077	0.02	80	6	-
HIP60172	K Giant (III)	HD107328_ELO_1	HIP60172_ELODIE_1	HD107328	HD107328	ELODIE	139	42000	45000	4576	87	1.77	0.22	1.42	0.03	4.9	1.6	0.0	-0.13	0.038	-0.161	0.075	-0.288	0.084	-0.361	0.055	0.209	0.022	-0.39	0.019	-0.345	0.067	-0.352	0.099	-0.248	0.026	0.0	0.074	-0.001	0.079	-0.13	0.038	57	-0.161	0.075	34	-0.288	0.084	37	-0.336	0.054	337	-0.583	0.056	37	0.209	0.022	4	-0.39	0.019	14	-0.345	0.067	60	-0.352	0.099	16	-0.248	0.026	19	0.069	0.09	47	-0.215	0.024	15	-0.001	0.079	50	4	Indirect theta
HIP61317	F Dwarf (V)	HD109358_ELO_1	HIP61317_ELODIE_1	HD109358	-	ELODIE	1014	42000	45000	6013	91	4.41	0.04	1.18	0.03	5.52	1.6	0.0	-0.098	0.035	-0.108	0.062	-0.142	0.027	-0.133	0.029	-0.085	0.024	-0.157	0.017	-0.15	0.034	-0.161	0.031	-0.175	0.022	-0.096	0.031	-0.086	0.031	-0.098	0.035	35	-0.108	0.062	19	-0.142	0.027	25	-0.125	0.028	194	-0.206	0.036	20	-0.085	0.024	2	-0.157	0.017	9	-0.15	0.034	36	-0.161	0.031	8	-0.175	0.022	12	-0.08	0.032	37	-0.172	0.028	8	-0.086	0.031	27	2	-
HIP63608	K Giant (III)	HD113226_ELO_1	HIP63608_ELODIE_1	HD113226	epsVir	ELODIE	136	42000	45000	4950	10	2.72	0.02	1.52	0.02	3.98	1.6	0.0	-0.03	0.024	-0.055	0.038	-0.058	0.035	-0.027	0.031	-0.008	0.017	-0.092	0.059	-0.049	0.028	0.007	0.031	0.11	0.026	-0.104	0.041	-0.136	0.034	-0.03	0.024	78	-0.055	0.038	46	-0.058	0.035	59	-0.04	0.031	432	0.081	0.029	49	-0.008	0.017	5	-0.092	0.059	25	-0.049	0.028	85	0.007	0.031	20	0.11	0.026	24	-0.136	0.04	88	0.043	0.048	19	-0.136	0.034	72	5	-
HIP64394	G Dwarf (V)	HD114710_ELO_1	HIP64394_ELODIE_1	HD114710	-	ELODIE	485	42000	45000	5930	30	4.37	0.01	1.2	0.02	4.93	1.6	0.0	0.011	0.021	-0.103	0.026	-0.031	0.016	-0.004	0.021	-0.059	0.015	-0.084	0.033	-0.061	0.016	-0.03	0.011	-0.003	0.019	-0.053	0.017	-0.094	0.033	0.011	0.021	71	-0.103	0.026	36	-0.031	0.016	46	-0.012	0.021	378	0.075	0.018	40	-0.059	0.015	4	-0.084	0.033	13	-0.061	0.016	66	-0.03	0.011	16	-0.003	0.019	21	-0.068	0.019	71	0.013	0.009	16	-0.094	0.033	57	4	-
HIP65721	G Subgiant (IV)	HD117176_ELO_1	HIP65721_ELODIE_1	HD117176	-	ELODIE	997	42000	45000	5473	22	3.94	0.08	1.11	0.01	3.55	1.6	0.0	-0.07	0.029	-0.11	0.037	-0.125	0.017	-0.116	0.023	-0.06	0.018	-0.19	0.023	-0.138	0.017	-0.02	0.017	-0.067	0.021	-0.068	0.019	-0.117	0.023	-0.07	0.029	52	-0.11	0.037	28	-0.125	0.017	39	-0.12	0.022	292	-0.079	0.024	30	-0.06	0.018	3	-0.19	0.023	15	-0.138	0.017	54	-0.02	0.017	12	-0.067	0.021	18	-0.075	0.018	53	-0.036	0.021	12	-0.117	0.023	43	3	-
HIP67927	F Subgiant (IV)	HD121370_ELO_1	HIP67927_ELODIE_1	HD121370	etaBoo	ELODIE	1004	42000	45000	6161	18	3.82	0.05	1.64	0.03	6.12	1.6	0.0	0.332	0.038	0.357	0.032	0.327	0.031	0.319	0.042	0.327	0.018	0.36	0.013	0.391	0.036	0.327	0.036	0.345	0.086	0.3	0.042	0.338	0.036	0.332	0.038	61	0.357	0.032	23	0.327	0.031	33	0.323	0.042	294	0.286	0.036	39	0.327	0.018	4	0.36	0.013	10	0.391	0.036	63	0.327	0.036	16	0.345	0.086	24	0.301	0.047	57	0.295	0.018	11	0.338	0.036	45	4	-
HIP70497	F Dwarf (V)	HD126660_ELO_1	HIP70497_ELODIE_1	HD126660	-	ELODIE	1001	42000	45000	6292	20	4.06	0.02	1.7	0.08	7.39	1.6	0.0	0.068	0.06	-0.148	0.126	-0.033	0.07	-0.036	0.065	-0.096	0.099	-0.049	0.027	0.024	0.109	-0.036	0.039	0.025	0.02	-0.065	0.078	0.01	0.117	0.068	0.06	23	-0.148	0.126	8	-0.033	0.07	11	-0.034	0.067	119	-0.062	0.049	12	-0.096	0.099	1	-0.049	0.027	10	0.024	0.109	18	-0.036	0.039	8	0.025	0.02	8	-0.066	0.091	16	-0.063	0.027	4	0.01	0.117	10	2	-
HIP70791	K Giant (III)	HD127243_ELO_1	HIP70791_ELODIE_1	HD127243	-	ELODIE	205	42000	45000	5015	23	2.5	0.02	1.4	0.03	4.7	1.6	0.0	-0.408	0.055	-0.476	0.059	-0.673	0.054	-0.608	0.042	-0.142	0.043	-0.878	0.02	-0.623	0.037	-0.366	0.017	-0.374	0.018	-0.327	0.046	-0.533	0.03	-0.408	0.055	36	-0.476	0.059	19	-0.673	0.054	22	-0.61	0.042	188	-0.584	0.041	19	-0.142	0.043	2	-0.878	0.02	8	-0.623	0.037	32	-0.366	0.017	8	-0.374	0.018	10	-0.342	0.052	36	-0.261	0.018	8	-0.533	0.03	29	2	-
HIP71053	K Giant (III)	HD127665_ELO_1	HIP71053_ELODIE_1	HD127665	-	ELODIE	197	42000	45000	4181	56	1.8	0.05	1.36	0.02	4.52	1.6	0.0	-0.249	0.053	-0.148	0.069	-0.261	0.049	-0.166	0.078	0.028	0.023	-0.215	0.037	-0.186	0.087	-0.196	0.087	0.056	0.101	-0.184	0.075	-0.313	0.136	-0.249	0.053	21	-0.148	0.069	16	-0.261	0.049	17	-0.18	0.078	150	-0.028	0.081	16	0.028	0.023	2	-0.215	0.037	4	-0.186	0.087	30	-0.196	0.087	7	0.056	0.101	8	-0.188	0.092	18	-0.176	0.038	8	-0.313	0.136	21	2	-
HIP72567	G Dwarf (V)	HD130948_ELO_1	HIP72567_ELODIE_1	HD130948	-	ELODIE	123	42000	45000	5812	57	4.33	0.03	1.19	0.05	4.49	1.6	0.0	-0.083	0.028	-0.264	0.042	-0.147	0.038	-0.114	0.035	-0.151	0.046	-0.225	0.06	-0.202	0.029	-0.158	0.017	-0.092	0.034	-0.183	0.035	-0.231	0.047	-0.083	0.028	35	-0.264	0.042	14	-0.147	0.038	23	-0.124	0.035	186	-0.015	0.033	18	-0.151	0.046	2	-0.225	0.06	6	-0.202	0.029	31	-0.158	0.017	8	-0.092	0.034	12	-0.202	0.039	36	-0.099	0.018	8	-0.231	0.047	27	2	-
HIP7294	K Giant (III)	HD9408_ELO_1	HIP7294_ELODIE_1	HD9408	-	ELODIE	276	42000	45000	4774	131	2.35	0.11	1.4	0.02	4.5	1.6	0.0	-0.291	0.045	-0.259	0.071	-0.365	0.03	-0.343	0.039	-0.092	0.036	-0.439	0.059	-0.35	0.037	-0.255	0.043	-0.188	0.042	-0.267	0.033	-0.324	0.063	-0.291	0.045	33	-0.259	0.071	18	-0.365	0.03	25	-0.344	0.039	188	-0.334	0.044	20	-0.092	0.036	2	-0.439	0.059	10	-0.35	0.037	36	-0.255	0.043	8	-0.188	0.042	11	-0.27	0.036	35	-0.258	0.019	8	-0.324	0.063	28	2	-
HIP74666	K Giant (III)	HD135722_ELO_1	HIP74666_ELODIE_1	HD135722	-	ELODIE	197	42000	45000	4810	30	2.38	0.09	1.38	0.02	4.54	1.6	0.0	-0.308	0.041	-0.334	0.066	-0.427	0.025	-0.396	0.037	-0.176	0.025	-0.507	0.063	-0.412	0.037	-0.248	0.037	-0.241	0.026	-0.326	0.035	-0.386	0.052	-0.308	0.041	35	-0.334	0.066	18	-0.427	0.025	26	-0.398	0.036	188	-0.373	0.044	20	-0.176	0.025	2	-0.507	0.063	10	-0.412	0.037	35	-0.248	0.037	8	-0.241	0.026	10	-0.335	0.037	38	-0.286	0.028	8	-0.386	0.052	30	2	-
HIP74975	G Subgiant (IV)	HD136202_ELO_1	HIP74975_ELODIE_1	HD136202	-	ELODIE	402	42000	45000	5820	99	3.87	0.04	1.35	0.03	4.72	1.6	0.0	-0.112	0.028	-0.285	0.041	-0.245	0.033	-0.162	0.031	-0.136	0.021	-0.299	0.071	-0.23	0.03	0.02	0.02	-0.064	0.039	-0.207	0.04	-0.348	0.044	-0.112	0.028	51	-0.285	0.041	28	-0.245	0.033	33	-0.188	0.032	273	0.069	0.024	30	-0.136	0.021	3	-0.299	0.071	10	-0.23	0.03	50	0.02	0.02	12	-0.064	0.039	15	-0.259	0.044	51	0.015	0.025	12	-0.348	0.044	40	3	-
HIP7607	K Giant (III)	HD9927_ELO_1	HIP7607_ELODIE_1	HD9927	-	ELODIE	270	42000	45000	4356	56	1.99	0.07	1.39	0.02	4.31	1.6	0.0	0.007	0.047	0.04	0.064	-0.004	0.043	-0.036	0.069	0.144	0.02	0.064	0.017	0.006	0.057	-0.14	0.056	0.155	0.1	0.058	0.068	0.014	0.112	0.007	0.047	31	0.04	0.064	24	-0.004	0.043	25	-0.034	0.069	222	-0.053	0.062	24	0.144	0.02	3	0.064	0.017	6	0.006	0.057	44	-0.14	0.056	9	0.155	0.1	13	0.093	0.069	26	-0.019	0.068	12	0.014	0.112	32	3	-
HIP77052	G Dwarf (V)	HD140538_ELO_1	HIP77052_ELODIE_1	HD140538	-	ELODIE	294	42000	45000	5667	91	4.47	0.04	1.05	0.02	3.75	1.6	0.0	0.075	0.021	-0.0	0.03	0.054	0.013	0.046	0.015	0.022	0.013	0.016	0.018	0.0	0.013	0.009	0.016	0.039	0.014	0.044	0.015	0.035	0.019	0.075	0.021	82	-0.0	0.03	45	0.054	0.013	62	0.046	0.015	485	0.042	0.015	49	0.022	0.013	5	0.016	0.018	25	0.0	0.013	90	0.009	0.016	20	0.039	0.014	30	0.048	0.016	93	0.027	0.014	19	0.035	0.019	74	5	-
HIP78072	F Dwarf (V)	HD142860_ELO_1	HIP78072_ELODIE_1	HD142860	-	ELODIE	668	42000	45000	6296	16	4.16	0.01	1.65	0.03	7.54	1.6	0.0	-0.15	0.024	-0.222	0.032	-0.233	0.036	-0.182	0.024	-0.143	0.016	-0.249	0.027	-0.211	0.021	-0.185	0.021	-0.167	0.053	-0.17	0.021	-0.185	0.036	-0.15	0.024	67	-0.222	0.032	23	-0.233	0.036	36	-0.185	0.025	333	-0.15	0.023	35	-0.143	0.016	4	-0.249	0.027	12	-0.211	0.021	64	-0.185	0.021	12	-0.167	0.053	22	-0.176	0.024	62	-0.135	0.005	11	-0.185	0.036	40	4	-
HIP79672	G Dwarf (V)	HD146233_ELO_1	HIP79672_ELODIE_1	HD146233	18Sco	ELODIE	236	42000	45000	5824	30	4.42	0.01	1.14	0.02	4.35	1.6	0.0	0.074	0.019	0.042	0.028	0.067	0.013	0.057	0.014	0.058	0.012	0.056	0.013	0.039	0.012	0.019	0.013	0.043	0.012	0.056	0.015	0.055	0.015	0.074	0.019	104	0.042	0.028	54	0.067	0.013	75	0.059	0.013	572	0.038	0.016	59	0.058	0.012	6	0.056	0.013	30	0.039	0.012	107	0.019	0.013	24	0.043	0.012	34	0.061	0.016	108	0.029	0.01	23	0.055	0.015	85	6	-
HIP7981	K Dwarf (V)	HD10476_ELO_1	HIP7981_ELODIE_1	HD10476	-	ELODIE	375	42000	45000	5129	71	4.52	0.01	0.76	0.03	3.15	1.6	0.0	-0.073	0.026	-0.067	0.034	-0.082	0.02	-0.077	0.028	-0.087	0.017	-0.088	0.024	-0.083	0.028	-0.057	0.035	-0.001	0.024	-0.067	0.04	-0.051	0.035	-0.073	0.026	51	-0.067	0.034	36	-0.082	0.02	52	-0.084	0.025	353	-0.01	0.062	38	-0.087	0.017	4	-0.088	0.024	19	-0.083	0.028	68	-0.057	0.035	16	-0.001	0.024	24	-0.069	0.042	72	-0.059	0.034	16	-0.051	0.035	61	4	-
HIP80843	K Bright Giant (II)	HD148897_ELO_1	HIP80843_ELODIE_1	HD148897	-	ELODIE	205	42000	45000	4227	51	1.11	0.07	1.66	0.03	5.97	1.6	0.0	-0.994	0.038	-1.073	0.057	-1.317	0.032	-1.118	0.043	-0.678	0.029	-1.579	0.06	-1.187	0.066	-0.919	0.029	-0.832	0.027	-0.968	0.047	-1.274	0.059	-0.994	0.038	45	-1.073	0.057	26	-1.317	0.032	35	-1.133	0.042	271	-0.962	0.057	27	-0.678	0.029	3	-1.579	0.06	11	-1.187	0.066	46	-0.919	0.029	12	-0.832	0.027	14	-1.023	0.056	41	-0.781	0.019	12	-1.274	0.059	42	3	-
HIP81300	G Dwarf (V)	HD149661_ELO_1	HIP81300_ELODIE_1	HD149661	-	ELODIE	143	42000	45000	5408	47	4.62	0.02	1.08	0.03	3.1	1.6	0.0	0.178	0.024	0.101	0.041	0.192	0.027	0.082	0.026	0.097	0.016	0.164	0.018	0.04	0.024	-0.008	0.034	0.019	0.023	0.176	0.022	0.258	0.034	0.178	0.024	64	0.101	0.041	45	0.192	0.027	62	0.095	0.024	439	-0.03	0.045	49	0.097	0.016	5	0.164	0.018	25	0.04	0.024	84	-0.008	0.034	20	0.019	0.023	28	0.213	0.023	88	0.004	0.018	19	0.258	0.034	76	5	-
HIP81693	G Subgiant (IV)	HD150680_ELO_1	HIP81693_ELODIE_1	HD150680	-	ELODIE	289	42000	45000	5760	96	3.72	0.03	1.36	0.03	4.33	1.6	0.0	0.07	0.042	0.037	0.051	0.023	0.028	0.04	0.031	0.027	0.04	0.016	0.044	0.034	0.018	0.054	0.011	0.07	0.018	0.012	0.029	-0.002	0.028	0.07	0.042	32	0.037	0.051	18	0.023	0.028	22	0.038	0.032	188	0.055	0.026	20	0.027	0.04	2	0.016	0.044	7	0.034	0.018	35	0.054	0.011	8	0.07	0.018	11	0.008	0.03	34	0.03	0.026	8	-0.002	0.028	28	2	-
HIP83000	K Giant (III)	HD153210_ELO_1	HIP83000_ELODIE_1	HD153210	-	ELODIE	261	42000	45000	4499	68	2.49	0.07	1.31	0.03	3.91	1.6	0.0	-0.044	0.064	0.078	0.082	-0.006	0.053	0.043	0.071	0.157	0.021	0.022	0.014	0.073	0.054	0.018	0.118	0.228	0.089	0.015	0.068	-0.04	0.124	-0.044	0.064	22	0.078	0.082	18	-0.006	0.053	20	0.033	0.074	154	0.149	0.035	16	0.157	0.021	2	0.022	0.014	4	0.073	0.054	31	0.018	0.118	8	0.228	0.089	11	-0.009	0.065	24	0.085	0.074	8	-0.04	0.124	27	2	-
HIP8362	G Dwarf (V)	HD10780_ELO_1	HIP8362_ELODIE_1	HD10780	-	ELODIE	752	42000	45000	5293	77	4.55	0.03	0.88	0.02	3.09	1.6	0.0	0.012	0.034	-0.048	0.049	-0.007	0.021	-0.015	0.032	-0.067	0.018	-0.05	0.046	-0.05	0.033	-0.029	0.052	0.029	0.033	-0.02	0.045	-0.016	0.038	0.012	0.034	29	-0.048	0.049	18	-0.007	0.021	26	-0.021	0.03	179	0.032	0.046	20	-0.067	0.018	2	-0.05	0.046	9	-0.05	0.033	34	-0.029	0.052	8	0.029	0.033	12	-0.023	0.045	35	-0.008	0.045	8	-0.016	0.038	30	2	-
HIP84862	G Dwarf (V)	HD157214_ELO_1	HIP84862_ELODIE_1	HD157214	-	ELODIE	191	42000	45000	5825	49	4.26	0.03	0.88	0.04	4.75	1.6	0.0	-0.096	0.044	-0.135	0.094	-0.247	0.064	-0.301	0.054	-0.008	0.059	-0.439	0.02	-0.264	0.056	-0.145	0.024	-0.158	0.03	-0.001	0.055	-0.113	0.053	-0.096	0.044	17	-0.135	0.094	10	-0.247	0.064	13	-0.292	0.054	95	-0.391	0.054	10	-0.008	0.059	1	-0.439	0.02	4	-0.264	0.056	18	-0.145	0.024	4	-0.158	0.03	6	0.022	0.057	18	-0.1	0.049	4	-0.113	0.053	16	1	-
HIP85235	K Dwarf (V)	HD158633_ELO_1	HIP85235_ELODIE_1	HD158633	-	ELODIE	420	42000	45000	5188	51	4.51	0.02	0.48	0.05	3.54	1.6	0.0	-0.455	0.052	-0.438	0.056	-0.494	0.032	-0.489	0.046	-0.393	0.026	-0.572	0.036	-0.503	0.042	-0.395	0.038	-0.371	0.028	-0.401	0.061	-0.451	0.031	-0.455	0.052	34	-0.438	0.056	18	-0.494	0.032	26	-0.499	0.042	197	-0.391	0.091	20	-0.393	0.026	2	-0.572	0.036	9	-0.503	0.042	33	-0.395	0.038	8	-0.371	0.028	12	-0.407	0.062	37	-0.374	0.058	8	-0.451	0.031	29	2	-
HIP86742	K Giant (III)	HD161096_ELO_1	HIP86742_ELODIE_1	HD161096	-	ELODIE	488	42000	45000	4577	18	2.33	0.07	1.3	0.02	3.99	1.6	0.0	0.168	0.041	0.168	0.055	0.179	0.042	0.098	0.052	0.314	0.015	0.235	0.01	0.167	0.036	0.072	0.103	0.251	0.071	0.188	0.061	0.199	0.087	0.168	0.041	58	0.168	0.055	42	0.179	0.042	49	0.112	0.053	368	-0.014	0.045	45	0.314	0.015	5	0.235	0.01	12	0.167	0.036	77	0.072	0.103	20	0.251	0.071	27	0.215	0.054	59	0.106	0.079	20	0.199	0.087	62	5	-
HIP86974	G Dwarf (V)	HD161797_ELO_1	HIP86974_ELODIE_1	HD161797	-	ELODIE	398	42000	45000	5665	16	4.05	0.04	1.18	0.02	3.53	1.6	0.0	0.266	0.052	0.334	0.096	0.319	0.062	0.294	0.051	0.277	0.041	0.322	0.039	0.315	0.045	0.289	0.094	0.277	0.047	0.29	0.062	0.356	0.056	0.266	0.052	17	0.334	0.096	9	0.319	0.062	12	0.301	0.05	90	0.233	0.061	10	0.277	0.041	1	0.322	0.039	5	0.315	0.045	18	0.289	0.094	4	0.277	0.047	6	0.3	0.065	18	0.244	0.049	4	0.356	0.056	15	1	-
HIP87833	K Bright Giant (II)	HD164058_ELO_1	HIP87833_ELODIE_1	HD164058	-	ELODIE	282	42000	45000	4018	32	1.33	0.04	1.06	0.02	4.82	1.6	0.0	0.062	0.079	-0.181	0.111	-0.006	0.138	-0.128	0.151	-0.051	0.026	-0.046	0.025	-0.113	0.142	-0.199	0.106	-0.005	0.197	0.108	0.106	0.333	0.274	0.062	0.079	20	-0.181	0.111	16	-0.006	0.138	14	-0.115	0.146	137	-0.251	0.196	14	-0.051	0.026	2	-0.046	0.025	2	-0.113	0.142	28	-0.199	0.106	6	-0.005	0.197	8	0.249	0.146	12	-0.102	0.045	8	0.333	0.274	16	2	-
HIP89348	F Dwarf (V)	HD168151_ELO_1	HIP89348_ELODIE_1	HD168151	-	ELODIE	506	42000	45000	6569	69	4.09	0.03	1.76	0.03	10.09	1.6	0.0	-0.219	0.05	-0.263	0.158	-0.352	0.054	-0.302	0.038	-0.232	0.024	-0.376	0.025	-0.341	0.048	-0.291	0.022	-0.258	0.029	-0.208	0.026	-0.217	0.061	-0.219	0.05	36	-0.263	0.158	7	-0.352	0.054	20	-0.302	0.039	180	-0.307	0.029	19	-0.232	0.024	2	-0.376	0.025	5	-0.341	0.048	31	-0.291	0.022	7	-0.258	0.029	10	-0.198	0.026	29	-0.256	0.027	6	-0.217	0.061	21	2	-
HIP89962	K Giant (III)	HD168723_ELO_1	HIP89962_ELODIE_1	HD168723	-	ELODIE	939	42000	45000	4801	47	2.92	0.04	1.17	0.02	4.11	1.6	0.0	-0.273	0.031	-0.277	0.044	-0.324	0.013	-0.301	0.029	-0.188	0.015	-0.364	0.044	-0.306	0.025	-0.196	0.028	-0.154	0.029	-0.296	0.028	-0.341	0.042	-0.273	0.031	67	-0.277	0.044	36	-0.324	0.013	47	-0.31	0.028	379	-0.221	0.034	39	-0.188	0.015	4	-0.364	0.044	20	-0.306	0.025	71	-0.196	0.028	16	-0.154	0.029	23	-0.313	0.029	75	-0.213	0.023	15	-0.341	0.042	59	4	-
HIP90344	K Giant (III)	HD170693_ELO_1	HIP90344_ELODIE_1	HD170693	-	ELODIE	306	42000	45000	4367	46	1.86	0.04	1.32	0.02	4.85	1.6	0.0	-0.453	0.045	-0.38	0.062	-0.516	0.025	-0.471	0.043	-0.203	0.025	-0.555	0.037	-0.47	0.054	-0.323	0.068	-0.293	0.032	-0.364	0.039	-0.488	0.094	-0.453	0.045	48	-0.38	0.062	27	-0.516	0.025	32	-0.477	0.042	273	-0.414	0.051	25	-0.203	0.025	3	-0.555	0.037	12	-0.47	0.054	44	-0.323	0.068	12	-0.293	0.032	15	-0.361	0.046	40	-0.374	0.016	12	-0.488	0.094	41	3	-
HIP91949	G Dwarf (V)	HD173701_ELO_1	HIP91949_ELODIE_1	HD173701	-	ELODIE	372	42000	45000	5315	48	4.44	0.03	0.94	0.02	2.78	1.6	0.0	0.255	0.031	0.357	0.05	0.285	0.02	0.261	0.033	0.277	0.019	0.34	0.044	0.342	0.017	0.314	0.053	0.38	0.04	0.282	0.043	0.34	0.041	0.255	0.031	38	0.357	0.05	27	0.285	0.02	39	0.259	0.033	270	0.274	0.034	30	0.277	0.019	3	0.34	0.044	15	0.342	0.017	51	0.314	0.053	12	0.38	0.04	18	0.28	0.04	50	0.29	0.052	12	0.34	0.041	44	3	-
HIP92043	F Subgiant (IV)	HD173667_ELO_1	HIP92043_ELODIE_1	HD173667	-	ELODIE	999	42000	45000	6426	20	3.95	0.03	1.86	0.04	8.55	1.6	0.0	0.015	0.041	-0.067	0.024	-0.094	0.046	-0.04	0.034	-0.044	0.019	-0.123	0.009	-0.055	0.031	-0.068	0.011	-0.006	0.028	-0.059	0.036	-0.095	0.075	0.015	0.041	53	-0.067	0.024	10	-0.094	0.046	38	-0.044	0.035	291	-0.01	0.024	36	-0.044	0.019	4	-0.123	0.009	8	-0.055	0.031	51	-0.068	0.011	16	-0.006	0.028	19	-0.058	0.041	53	-0.06	0.008	8	-0.095	0.075	31	4	-
HIP92167	K Giant (III)	HD175305_ELO_1	HIP92167_ELODIE_1	HD175305	HD175305	ELODIE	115	42000	45000	4902	30	2.53	0.02	1.26	0.04	5.24	1.6	0.0	-1.264	0.047	-1.597	0.052	-1.658	0.086	-1.49	0.042	-1.199	0.047	-1.961	0.062	-1.6	0.061	-1.361	0.022	-1.271	0.038	-1.336	0.03	-1.614	0.058	-1.264	0.047	32	-1.597	0.052	8	-1.658	0.086	15	-1.51	0.042	159	-1.318	0.037	19	-1.199	0.047	2	-1.961	0.062	6	-1.6	0.061	25	-1.361	0.022	8	-1.271	0.038	9	-1.384	0.034	32	-1.143	0.015	8	-1.614	0.058	19	2	-
HIP92984	F Dwarf (V)	HD175726_ELO_1	HIP92984_ELODIE_1	HD175726	-	ELODIE	121	42000	45000	6070	62	4.48	0.03	1.38	0.06	5.81	1.6	0.0	-0.014	0.041	-0.175	0.058	-0.103	0.041	-0.081	0.04	-0.113	0.029	-0.186	0.035	-0.152	0.049	-0.144	0.03	-0.124	0.055	-0.095	0.046	-0.109	0.044	-0.014	0.041	34	-0.175	0.058	8	-0.103	0.041	18	-0.08	0.038	165	-0.094	0.059	18	-0.113	0.029	2	-0.186	0.035	6	-0.152	0.049	32	-0.144	0.03	8	-0.124	0.055	12	-0.086	0.048	26	-0.127	0.043	7	-0.109	0.044	19	2	-
HIP93429	K Giant (III)	HD176678_ELO_1	HIP93429_ELODIE_1	HD176678	-	ELODIE	118	42000	45000	4491	105	2.31	0.11	1.34	0.04	4.35	1.6	0.0	-0.289	0.082	-0.244	0.11	-0.321	0.093	-0.257	0.088	-0.173	0.077	-0.306	0.078	-0.233	0.1	-0.213	0.136	-0.046	0.094	-0.368	0.128	-0.408	0.134	-0.289	0.082	16	-0.244	0.11	9	-0.321	0.093	12	-0.265	0.083	83	-0.188	0.13	9	-0.173	0.077	1	-0.306	0.078	4	-0.233	0.1	15	-0.213	0.136	4	-0.046	0.094	5	-0.397	0.136	17	-0.246	0.095	4	-0.408	0.134	15	1	-
HIP95447	G Dwarf (V)	HD182572_ELO_1	HIP95447_ELODIE_1	HD182572	-	ELODIE	612	42000	45000	5673	84	4.22	0.04	1.16	0.02	3.4	1.6	0.0	0.363	0.027	0.466	0.041	0.419	0.025	0.381	0.026	0.407	0.013	0.442	0.022	0.429	0.019	0.416	0.034	0.4	0.021	0.426	0.032	0.47	0.029	0.363	0.027	74	0.466	0.041	46	0.419	0.025	65	0.387	0.026	435	0.325	0.023	50	0.407	0.013	5	0.442	0.022	25	0.429	0.019	84	0.416	0.034	20	0.4	0.021	28	0.439	0.032	85	0.37	0.029	20	0.47	0.029	72	5	-
HIP96100	G Dwarf (V)	HD185144_ELO_1	HIP96100_ELODIE_1	HD185144	-	ELODIE	254	42000	45000	5289	24	4.56	0.02	0.81	0.02	3.29	1.6	0.0	-0.167	0.03	-0.211	0.039	-0.182	0.014	-0.208	0.028	-0.174	0.015	-0.22	0.015	-0.254	0.034	-0.24	0.036	-0.2	0.024	-0.15	0.036	-0.13	0.031	-0.167	0.03	45	-0.211	0.039	27	-0.182	0.014	37	-0.208	0.025	282	-0.206	0.061	30	-0.174	0.015	3	-0.22	0.015	14	-0.254	0.034	51	-0.24	0.036	12	-0.2	0.024	18	-0.137	0.037	55	-0.212	0.031	12	-0.13	0.031	42	3	-
HIP96441	F Dwarf (V)	HD185395_ELO_1	HIP96441_ELODIE_1	HD185395	-	ELODIE	1024	42000	45000	6914	33	4.24	0.01	1.94	0.02	13.51	1.6	0.0	0.081	0.045	-0.008	0.076	0.004	0.03	0.033	0.029	-0.002	0.018	0.0	0.024	-0.02	0.035	-0.036	0.031	-0.006	0.023	0.061	0.029	0.076	0.048	0.081	0.045	53	-0.008	0.076	18	0.004	0.03	36	0.033	0.03	281	0.032	0.02	30	-0.002	0.018	3	0.0	0.024	9	-0.02	0.035	47	-0.036	0.031	12	-0.006	0.023	15	0.072	0.029	47	0.001	0.03	9	0.076	0.048	32	3	-
HIP96895	G Dwarf (V)	HD186408_ELO_1	HIP96895_ELODIE_1	HD186408	-	ELODIE	211	42000	45000	5849	39	4.28	0.02	1.15	0.02	4.41	1.6	0.0	0.139	0.033	0.152	0.047	0.125	0.03	0.115	0.025	0.115	0.024	0.116	0.014	0.123	0.024	0.136	0.018	0.108	0.016	0.145	0.03	0.151	0.027	0.139	0.033	36	0.152	0.047	18	0.125	0.03	26	0.117	0.024	194	0.09	0.033	20	0.115	0.024	2	0.116	0.014	10	0.123	0.024	35	0.136	0.018	8	0.108	0.016	12	0.152	0.032	38	0.113	0.019	8	0.151	0.027	30	2	-
HIP96901	G Dwarf (V)	HD186427_ELO_1	HIP96901_ELODIE_1	HD186427	-	ELODIE	208	42000	45000	5807	36	4.35	0.02	1.1	0.02	4.24	1.6	0.0	0.105	0.029	0.12	0.04	0.096	0.02	0.094	0.021	0.089	0.017	0.086	0.017	0.1	0.019	0.128	0.02	0.102	0.011	0.12	0.022	0.12	0.023	0.105	0.029	54	0.12	0.04	27	0.096	0.02	38	0.094	0.02	295	0.096	0.023	30	0.089	0.017	3	0.086	0.017	15	0.1	0.019	54	0.128	0.02	12	0.102	0.011	18	0.123	0.022	56	0.105	0.019	12	0.12	0.023	45	3	-
HIP98036	K Subgiant (IV)	HD188512_ELO_1	HIP98036_ELODIE_1	HD188512	-	ELODIE	171	42000	45000	5090	15	3.63	0.08	1.05	0.02	3.61	1.6	0.0	-0.18	0.035	-0.161	0.048	-0.192	0.018	-0.204	0.028	-0.151	0.019	-0.237	0.024	-0.204	0.025	-0.099	0.032	-0.121	0.03	-0.145	0.024	-0.15	0.034	-0.18	0.035	49	-0.161	0.048	27	-0.192	0.018	36	-0.209	0.028	292	-0.157	0.029	29	-0.151	0.019	3	-0.237	0.024	15	-0.204	0.025	52	-0.099	0.032	12	-0.121	0.03	18	-0.153	0.025	55	-0.103	0.019	11	-0.15	0.034	45	3	-
HIP98337	K Bright Giant (II)	HD189319_ELO_1	HIP98337_ELODIE_1	HD189319	gamSge	ELODIE	401	42000	45000	3904	30	1.06	0.04	0.96	0.03	5.08	1.6	0.0	0.035	0.056	-0.273	0.073	-0.042	0.103	-0.181	0.103	-0.063	0.02	-0.039	0.021	-0.127	0.094	-0.331	0.053	0.066	0.205	0.038	0.06	0.474	0.223	0.035	0.056	47	-0.273	0.073	40	-0.042	0.103	35	-0.165	0.1	329	-0.343	0.135	33	-0.063	0.02	5	-0.039	0.021	6	-0.127	0.094	68	-0.331	0.053	15	0.066	0.205	14	0.193	0.081	25	-0.156	0.034	20	0.474	0.223	27	5	-
HIP98819	G Dwarf (V)	HD190406_ELO_1	HIP98819_ELODIE_1	HD190406	-	ELODIE	222	42000	45000	5825	50	4.35	0.02	1.1	0.03	4.45	1.6	0.0	-0.004	0.031	-0.094	0.038	-0.038	0.02	-0.022	0.029	-0.051	0.024	-0.081	0.054	-0.054	0.02	-0.02	0.024	0.004	0.019	-0.068	0.027	-0.112	0.036	-0.004	0.031	35	-0.094	0.038	18	-0.038	0.02	25	-0.03	0.029	194	0.058	0.028	20	-0.051	0.024	2	-0.081	0.054	8	-0.054	0.02	36	-0.02	0.024	8	0.004	0.019	12	-0.084	0.026	35	0.002	0.031	8	-0.112	0.036	30	2	-
Sun	G Dwarf (V)	HARPS_Sun-4	Sun_HARPS_4	-	-	HARPS	549	42000	115000	5771	10	4.44	0.01	1.09	0.04	4.19	1.6	0.0	0.0	0.0	0.0	0.0	0.0	0.0	0.0	0.0	0.0	0.0	0.0	0.0	0.0	0.0	0.0	0.0	0.0	0.0	0.0	0.0	0.0	0.0	0.0	0.0	0	0.0	0.0	0	0.0	0.0	0	0.0	0.0	0	0.0	0.0	0	0.0	0.0	0	0.0	0.0	0	0.0	0.0	0	0.0	0.0	0	0.0	0.0	0	0.0	0.0	0	0.0	0.0	0	0.0	0.0	0	6	-
Sun	G Dwarf (V)	HARPS_Sun-1	Sun_HARPS_1	-	-	HARPS	254	42000	115000	5771	10	4.44	0.01	1.09	0.04	4.19	1.6	0.0	0.0	0.0	0.0	0.0	0.0	0.0	0.0	0.0	0.0	0.0	0.0	0.0	0.0	0.0	0.0	0.0	0.0	0.0	0.0	0.0	0.0	0.0	0.0	0.0	0	0.0	0.0	0	0.0	0.0	0	0.0	0.0	0	0.0	0.0	0	0.0	0.0	0	0.0	0.0	0	0.0	0.0	0	0.0	0.0	0	0.0	0.0	0	0.0	0.0	0	0.0	0.0	0	0.0	0.0	0	6	-
Sun	G Dwarf (V)	HARPS_Sun-2	Sun_HARPS_2	-	-	HARPS	367	42000	115000	5771	10	4.44	0.01	1.09	0.04	4.19	1.6	0.0	0.0	0.0	0.0	0.0	0.0	0.0	0.0	0.0	0.0	0.0	0.0	0.0	0.0	0.0	0.0	0.0	0.0	0.0	0.0	0.0	0.0	0.0	0.0	0.0	0	0.0	0.0	0	0.0	0.0	0	0.0	0.0	0	0.0	0.0	0	0.0	0.0	0	0.0	0.0	0	0.0	0.0	0	0.0	0.0	0	0.0	0.0	0	0.0	0.0	0	0.0	0.0	0	0.0	0.0	0	6	-
Sun	G Dwarf (V)	HARPS_Sun-3	Sun_HARPS_3	-	-	HARPS	194	42000	115000	5771	10	4.44	0.01	1.09	0.04	4.19	1.6	0.0	0.0	0.0	0.0	0.0	0.0	0.0	0.0	0.0	0.0	0.0	0.0	0.0	0.0	0.0	0.0	0.0	0.0	0.0	0.0	0.0	0.0	0.0	0.0	0.0	0	0.0	0.0	0	0.0	0.0	0	0.0	0.0	0	0.0	0.0	0	0.0	0.0	0	0.0	0.0	0	0.0	0.0	0	0.0	0.0	0	0.0	0.0	0	0.0	0.0	0	0.0	0.0	0	0.0	0.0	0	6	-
Sun	G Dwarf (V)	NARVAL_Sun-1	Sun_NARVAL_1	-	-	NARVAL	828	42000	80000	5771	10	4.44	0.01	1.09	0.04	4.19	1.6	0.0	0.0	0.0	0.0	0.0	0.0	0.0	0.0	0.0	0.0	0.0	0.0	0.0	0.0	0.0	0.0	0.0	0.0	0.0	0.0	0.0	0.0	0.0	0.0	0.0	0	0.0	0.0	0	0.0	0.0	0	0.0	0.0	0	0.0	0.0	0	0.0	0.0	0	0.0	0.0	0	0.0	0.0	0	0.0	0.0	0	0.0	0.0	0	0.0	0.0	0	0.0	0.0	0	0.0	0.0	0	6	-
Sun	G Dwarf (V)	UVES_Sun-1	Sun_UVES_1	-	-	UVES	383	42000	78000	5771	10	4.44	0.01	1.09	0.04	4.19	1.6	0.0	0.0	0.0	0.0	0.0	0.0	0.0	0.0	0.0	0.0	0.0	0.0	0.0	0.0	0.0	0.0	0.0	0.0	0.0	0.0	0.0	0.0	0.0	0.0	0.0	0	0.0	0.0	0	0.0	0.0	0	0.0	0.0	0	0.0	0.0	0	0.0	0.0	0	0.0	0.0	0	0.0	0.0	0	0.0	0.0	0	0.0	0.0	0	0.0	0.0	0	0.0	0.0	0	0.0	0.0	0	6	-